[06:30:05] prescription config synced to engine
[06:30:05] training: VOLM sync
TRANSACTION FAILED — ROLLBACK
Traceback (most recent call last):
  File "/Users/chadcrawford/forge/projects/APE/app/api/routes/sync.py", line 118, in run_sync
    _call_first_available(
  File "/Users/chadcrawford/forge/projects/APE/app/api/routes/sync.py", line 38, in _call_first_available
    return fn(conn=conn)
           ^^^^^^^^^^^^^
  File "/Users/chadcrawford/forge/projects/APE/app/services/recommendations/recommendations.py", line 172, in generate_recommendations
    conn.execute(
_duckdb.ConversionException: Conversion Error: Could not convert string 'medium' to DOUBLE
Traceback (most recent call last):
  File "/Users/chadcrawford/forge/projects/APE/app/api/routes/sync.py", line 118, in run_sync
    _call_first_available(
  File "/Users/chadcrawford/forge/projects/APE/app/api/routes/sync.py", line 38, in _call_first_available
    return fn(conn=conn)
           ^^^^^^^^^^^^^
  File "/Users/chadcrawford/forge/projects/APE/app/services/recommendations/recommendations.py", line 172, in generate_recommendations
    conn.execute(
_duckdb.ConversionException: Conversion Error: Could not convert string 'medium' to DOUBLE

The above exception was the direct cause of the following exception:

Traceback (most recent call last):
  File "<string>", line 1, in <module>
  File "/Users/chadcrawford/forge/projects/APE/app/api/routes/sync.py", line 135, in run_sync
    raise HTTPException(
fastapi.exceptions.HTTPException: 500: {'status': 'error', 'stage': 'transaction', 'message': "Conversion Error: Could not convert string 'medium' to DOUBLE"}
🚨 NORMALIZE FILE EXECUTING 🚨
SYNC START
Fetched 50 workout headers (offset=0)
Fetched 6 workout headers (offset=50)
No more workouts found. Ending sync.

SYNC COMPLETE
Headers processed: 56
Detailed workouts stored: 56
Skipped: 0
DEBUG raw_workouts rows: 59
DEBUG sets for ci-fixture-session-001: 4
DEBUG sets for ci-fixture-session-002: 4
DEBUG sets for ci-fixture-session-003: 4
DEBUG sets for f5d9ff2e-8e09-4348-997f-33cd35f6d700: 21
DEBUG sets for 310eae85-d153-45b1-b94c-3d760d551066: 17
DEBUG sets for 2ab17bc5-7df9-4c06-9d71-94cc215be33f: 20
DEBUG sets for d2190a88-cd56-4078-9213-2bbd461f8723: 21
DEBUG sets for c6dc4666-b5d5-4ff1-a896-db24b0e306d7: 17
DEBUG sets for 0eb5c728-9005-4f03-b809-86ad0502143e: 17
DEBUG sets for bd9e9261-32d6-4044-bcd1-7fc077c967c9: 18
DEBUG sets for 04ed67f0-e590-4ece-9f9b-0c708c9ffa12: 17
DEBUG sets for e1f71f9e-305f-4d94-82a7-3da4cf61e764: 18
DEBUG sets for c0df82a8-58c4-4b9d-88f0-751660f681a3: 18
DEBUG sets for 91af8e20-16ca-47db-a7fb-e893c7187355: 17
DEBUG sets for 3d2413fc-a2be-4c45-944a-cdcdc355292b: 16
DEBUG sets for 07b7c16e-8d6b-4940-9aa6-39c7d5daac56: 16
DEBUG sets for 412904c9-0b8d-4670-b885-04184be3b209: 18
DEBUG sets for 8a8d60a3-233b-4182-be57-93d34c6fc770: 17
DEBUG sets for fdc4c4db-2b22-4f26-87af-38350f996ef2: 16
DEBUG sets for 123e3722-a86a-4a77-ab92-74824dcbf2ff: 15
DEBUG sets for 6df0ab57-8f48-4f2e-a327-031a3a1932b3: 16
DEBUG sets for c10d7907-34e6-4eea-8f47-67c79d3ec736: 16
DEBUG sets for fe486b1b-b87e-41c1-8c50-8216bfd2ad1f: 14
DEBUG sets for 298ab704-612b-4cb8-a777-177217cf0ecf: 16
DEBUG sets for 7b31a045-fbcf-4875-9e0a-297e38c75885: 16
DEBUG sets for d8e77143-ba07-49d1-a102-46fda48b2dd1: 16
DEBUG sets for d764d3ea-3ea5-405c-a904-17ff28021091: 18
DEBUG sets for 689f99cb-f857-4835-b125-7bc8309d70c2: 14
DEBUG sets for fb197f96-f07c-4473-b48d-5ae2fcfe44d1: 16
DEBUG sets for 44b5a1d1-d690-410b-8c85-2445cb04e443: 18
DEBUG sets for 1154b180-1895-475f-a549-15d0dac5e309: 17
DEBUG sets for 7ef91b05-30c5-4d3f-a71f-80dd66be9be7: 16
DEBUG sets for 4d36dc80-f523-481c-886a-2d82a98d32b2: 17
DEBUG sets for 16f1a287-f1b5-4b3f-88ca-778142aa9650: 18
DEBUG sets for 4cfe1f5c-4c9c-4415-a79a-57e0c77a24f5: 19
DEBUG sets for 3229684f-828b-4584-9b7e-3020b2a7c043: 17
DEBUG sets for ef4d0610-1f28-4135-8e4a-b1095198556f: 18
DEBUG sets for f38ab2e9-9082-460a-8af0-cea0d72c4d83: 17
DEBUG sets for 9c6775b1-d2dc-4d61-acff-d03e14852e51: 18
DEBUG sets for e16dde1e-59a4-4f0b-a483-e21d93469c39: 17
DEBUG sets for 5cf7dcae-9081-40c0-9b90-6079ce6e0269: 17
DEBUG sets for 11f67b61-0ba1-4126-8f33-373985df3c18: 18
DEBUG sets for 4bd39b30-ba8e-4a16-a03b-907389d63c79: 15
DEBUG sets for 284daffc-ce5f-4e66-b3b5-c7fd305bf254: 14
DEBUG sets for 5f6a3adf-ec90-40fd-b4d9-85d8d3d26075: 14
DEBUG sets for ccbad86b-f23d-4d0c-888e-58a8b744c780: 9
DEBUG sets for f059bbee-6134-4d82-9d54-1465e5fa4e97: 18
DEBUG sets for e60a3278-8327-418a-aabe-95ea884a6904: 12
DEBUG sets for 6e9e2e4a-9ab2-4bba-aeb7-b5e2743d7382: 17
DEBUG sets for da6e2a1a-641f-4ac3-b15f-c3f5394e2af2: 24
DEBUG sets for 5f5ceb0b-a13a-4c18-8a1b-3261b2dea227: 25
DEBUG sets for c92add48-4b0e-4efa-90e2-e8f76bedb44a: 22
DEBUG sets for 92b58215-da42-4ede-87f7-eb3b3fc8179e: 22
DEBUG sets for b02a6891-b7c4-44e0-848b-d3fe5415f6d8: 24
DEBUG sets for 71476de7-9496-4a51-b038-ab3b8bc1e9d0: 22
DEBUG sets for d9d3df7f-61ee-4935-a2ff-725ab50c3ac3: 22
DEBUG sets for 85494f00-ea62-4777-9c24-294f5ffba9c6: 22
DEBUG sets for a7da514e-701c-452a-bb48-635c0029210c: 24
DEBUG sets for fb328d28-4241-4b0f-8093-2880d2596144: 22
✅ normalize complete — sessions: 59, sets: 1008
[06:30:14]   sync failed (rate limit / offline) — keeping last data
[06:30:14] training: build card data
wrote /Users/chadcrawford/knowledge/CHAD_OS/tools/workout-card.data.js — 4 sessions
  2026-07-05  Day C  DAY C — DELTS / ABS (3-4 days)  (6 ex)
  2026-07-04  Day B  DAY B - CHEST / TRICEPS  (5 days)  (7 ex)
  2026-07-03  Day A  DAY A — BACK / BICEPS (4-5 days)  (6 ex)
  2026-07-01  Day C  DAY C — DELTS / ABS (3-4 days)  (6 ex)
[06:30:14] weight: refresh withings
→ Using data: /Users/chadcrawford/knowledge/CHAD_OS/raw/withings/2026-06-20/withings-bb3040d60f44ba3e.json (fetched 2026-06-20)
→ Regenerating dashboard...
Dashboard written → /Users/chadcrawford/forge/projects/APE/dashboards/withings_body_composition.html
✓ Dashboard: /Users/chadcrawford/forge/projects/APE/dashboards/withings_body_composition.html
[06:30:15] ped: render from template
  ped.html written (demo seed)
[06:30:15] git: commit + push
To https://github.com/Calabasse/dash.git
   2af9a55..958d803  main -> main
[06:30:22] deployed.
[06:30:01] prescription config synced to engine
[06:30:01] training: VOLM sync
list_workouts failed at offset=50
Traceback (most recent call last):
  File "/Users/chadcrawford/forge/projects/APE/app/services/sync/sync_workouts.py", line 56, in sync_workouts
    response = client.list_workouts(limit=limit, offset=offset)
               ^^^^^^^^^^^^^^^^^^^^^^^^^^^^^^^^^^^^^^^^^^^^^^^^
  File "/Users/chadcrawford/forge/projects/APE/app/services/sync/client.py", line 30, in list_workouts
    r.raise_for_status()
  File "/Users/chadcrawford/forge/projects/APE/.venv311/lib/python3.11/site-packages/httpx/_models.py", line 829, in raise_for_status
    raise HTTPStatusError(message, request=request, response=self)
httpx.HTTPStatusError: Client error '401 Unauthorized' for url 'https://api.volm.app/v1/workouts?limit=50&offset=50'
For more information check: https://developer.mozilla.org/en-US/docs/Web/HTTP/Status/401
Step 1 FAILED
Traceback (most recent call last):
  File "/Users/chadcrawford/forge/projects/APE/app/services/sync/sync_workouts.py", line 56, in sync_workouts
    response = client.list_workouts(limit=limit, offset=offset)
               ^^^^^^^^^^^^^^^^^^^^^^^^^^^^^^^^^^^^^^^^^^^^^^^^
  File "/Users/chadcrawford/forge/projects/APE/app/services/sync/client.py", line 30, in list_workouts
    r.raise_for_status()
  File "/Users/chadcrawford/forge/projects/APE/.venv311/lib/python3.11/site-packages/httpx/_models.py", line 829, in raise_for_status
    raise HTTPStatusError(message, request=request, response=self)
httpx.HTTPStatusError: Client error '401 Unauthorized' for url 'https://api.volm.app/v1/workouts?limit=50&offset=50'
For more information check: https://developer.mozilla.org/en-US/docs/Web/HTTP/Status/401

The above exception was the direct cause of the following exception:

Traceback (most recent call last):
  File "/Users/chadcrawford/forge/projects/APE/app/api/routes/sync.py", line 75, in run_sync
    _call_first_available(
  File "/Users/chadcrawford/forge/projects/APE/app/api/routes/sync.py", line 40, in _call_first_available
    return fn()
           ^^^^
  File "/Users/chadcrawford/forge/projects/APE/app/services/sync/sync_workouts.py", line 59, in sync_workouts
    raise RuntimeError("Sync aborted — API list failure") from e
RuntimeError: Sync aborted — API list failure
Traceback (most recent call last):
  File "/Users/chadcrawford/forge/projects/APE/app/services/sync/sync_workouts.py", line 56, in sync_workouts
    response = client.list_workouts(limit=limit, offset=offset)
               ^^^^^^^^^^^^^^^^^^^^^^^^^^^^^^^^^^^^^^^^^^^^^^^^
  File "/Users/chadcrawford/forge/projects/APE/app/services/sync/client.py", line 30, in list_workouts
    r.raise_for_status()
  File "/Users/chadcrawford/forge/projects/APE/.venv311/lib/python3.11/site-packages/httpx/_models.py", line 829, in raise_for_status
    raise HTTPStatusError(message, request=request, response=self)
httpx.HTTPStatusError: Client error '401 Unauthorized' for url 'https://api.volm.app/v1/workouts?limit=50&offset=50'
For more information check: https://developer.mozilla.org/en-US/docs/Web/HTTP/Status/401

The above exception was the direct cause of the following exception:

Traceback (most recent call last):
  File "/Users/chadcrawford/forge/projects/APE/app/api/routes/sync.py", line 75, in run_sync
    _call_first_available(
  File "/Users/chadcrawford/forge/projects/APE/app/api/routes/sync.py", line 40, in _call_first_available
    return fn()
           ^^^^
  File "/Users/chadcrawford/forge/projects/APE/app/services/sync/sync_workouts.py", line 59, in sync_workouts
    raise RuntimeError("Sync aborted — API list failure") from e
RuntimeError: Sync aborted — API list failure

The above exception was the direct cause of the following exception:

Traceback (most recent call last):
  File "<string>", line 1, in <module>
  File "/Users/chadcrawford/forge/projects/APE/app/api/routes/sync.py", line 85, in run_sync
    raise HTTPException(
fastapi.exceptions.HTTPException: 500: {'status': 'error', 'stage': 'sync', 'message': 'Sync aborted — API list failure'}
🚨 NORMALIZE FILE EXECUTING 🚨
SYNC START
Fetched 50 workout headers (offset=0)
[06:30:13]   sync failed (rate limit / offline) — keeping last data
[06:30:13] training: build card data
wrote /Users/chadcrawford/knowledge/CHAD_OS/tools/workout-card.data.js — 4 sessions
  2026-07-05  Day C  DAY C — DELTS / ABS (3-4 days)  (6 ex)
  2026-07-04  Day B  DAY B - CHEST / TRICEPS  (5 days)  (7 ex)
  2026-07-03  Day A  DAY A — BACK / BICEPS (4-5 days)  (6 ex)
  2026-07-01  Day C  DAY C — DELTS / ABS (3-4 days)  (6 ex)
[06:30:13] weight: refresh withings
→ Using data: /Users/chadcrawford/knowledge/CHAD_OS/raw/withings/2026-06-20/withings-bb3040d60f44ba3e.json (fetched 2026-06-20)
→ Regenerating dashboard...
Dashboard written → /Users/chadcrawford/forge/projects/APE/dashboards/withings_body_composition.html
✓ Dashboard: /Users/chadcrawford/forge/projects/APE/dashboards/withings_body_composition.html
[06:30:13] ped: render from template
  ped.html written (demo seed)
[06:30:13] git: commit + push
failed to get: -25320
fatal: could not read Username for 'https://github.com': Device not configured
[06:30:14]   push failed — commit is local
[06:30:05] prescription config synced to engine
[06:30:05] training: VOLM sync
TRANSACTION FAILED — ROLLBACK
Traceback (most recent call last):
  File "/Users/chadcrawford/forge/projects/APE/app/api/routes/sync.py", line 118, in run_sync
    _call_first_available(
  File "/Users/chadcrawford/forge/projects/APE/app/api/routes/sync.py", line 38, in _call_first_available
    return fn(conn=conn)
           ^^^^^^^^^^^^^
  File "/Users/chadcrawford/forge/projects/APE/app/services/recommendations/recommendations.py", line 172, in generate_recommendations
    conn.execute(
_duckdb.ConversionException: Conversion Error: Could not convert string 'medium' to DOUBLE
Traceback (most recent call last):
  File "/Users/chadcrawford/forge/projects/APE/app/api/routes/sync.py", line 118, in run_sync
    _call_first_available(
  File "/Users/chadcrawford/forge/projects/APE/app/api/routes/sync.py", line 38, in _call_first_available
    return fn(conn=conn)
           ^^^^^^^^^^^^^
  File "/Users/chadcrawford/forge/projects/APE/app/services/recommendations/recommendations.py", line 172, in generate_recommendations
    conn.execute(
_duckdb.ConversionException: Conversion Error: Could not convert string 'medium' to DOUBLE

The above exception was the direct cause of the following exception:

Traceback (most recent call last):
  File "<string>", line 1, in <module>
  File "/Users/chadcrawford/forge/projects/APE/app/api/routes/sync.py", line 135, in run_sync
    raise HTTPException(
fastapi.exceptions.HTTPException: 500: {'status': 'error', 'stage': 'transaction', 'message': "Conversion Error: Could not convert string 'medium' to DOUBLE"}
🚨 NORMALIZE FILE EXECUTING 🚨
SYNC START
Fetched 50 workout headers (offset=0)
Fetched 8 workout headers (offset=50)
No more workouts found. Ending sync.

SYNC COMPLETE
Headers processed: 58
Detailed workouts stored: 58
Skipped: 0
DEBUG raw_workouts rows: 61
DEBUG sets for ci-fixture-session-001: 4
DEBUG sets for ci-fixture-session-002: 4
DEBUG sets for ci-fixture-session-003: 4
DEBUG sets for f5d9ff2e-8e09-4348-997f-33cd35f6d700: 21
DEBUG sets for 310eae85-d153-45b1-b94c-3d760d551066: 17
DEBUG sets for 2ab17bc5-7df9-4c06-9d71-94cc215be33f: 20
DEBUG sets for d2190a88-cd56-4078-9213-2bbd461f8723: 21
DEBUG sets for c6dc4666-b5d5-4ff1-a896-db24b0e306d7: 17
DEBUG sets for 0eb5c728-9005-4f03-b809-86ad0502143e: 17
DEBUG sets for bd9e9261-32d6-4044-bcd1-7fc077c967c9: 18
DEBUG sets for 04ed67f0-e590-4ece-9f9b-0c708c9ffa12: 17
DEBUG sets for e1f71f9e-305f-4d94-82a7-3da4cf61e764: 18
DEBUG sets for c0df82a8-58c4-4b9d-88f0-751660f681a3: 18
DEBUG sets for 91af8e20-16ca-47db-a7fb-e893c7187355: 17
DEBUG sets for 3d2413fc-a2be-4c45-944a-cdcdc355292b: 16
DEBUG sets for 07b7c16e-8d6b-4940-9aa6-39c7d5daac56: 16
DEBUG sets for 412904c9-0b8d-4670-b885-04184be3b209: 18
DEBUG sets for 8a8d60a3-233b-4182-be57-93d34c6fc770: 17
DEBUG sets for fdc4c4db-2b22-4f26-87af-38350f996ef2: 16
DEBUG sets for 123e3722-a86a-4a77-ab92-74824dcbf2ff: 15
DEBUG sets for 6df0ab57-8f48-4f2e-a327-031a3a1932b3: 16
DEBUG sets for c10d7907-34e6-4eea-8f47-67c79d3ec736: 16
DEBUG sets for fe486b1b-b87e-41c1-8c50-8216bfd2ad1f: 14
DEBUG sets for 298ab704-612b-4cb8-a777-177217cf0ecf: 16
DEBUG sets for 7b31a045-fbcf-4875-9e0a-297e38c75885: 16
DEBUG sets for d8e77143-ba07-49d1-a102-46fda48b2dd1: 16
DEBUG sets for d764d3ea-3ea5-405c-a904-17ff28021091: 18
DEBUG sets for 689f99cb-f857-4835-b125-7bc8309d70c2: 14
DEBUG sets for fb197f96-f07c-4473-b48d-5ae2fcfe44d1: 16
DEBUG sets for 44b5a1d1-d690-410b-8c85-2445cb04e443: 18
DEBUG sets for 1154b180-1895-475f-a549-15d0dac5e309: 17
DEBUG sets for 7ef91b05-30c5-4d3f-a71f-80dd66be9be7: 16
DEBUG sets for 4d36dc80-f523-481c-886a-2d82a98d32b2: 17
DEBUG sets for 16f1a287-f1b5-4b3f-88ca-778142aa9650: 18
DEBUG sets for 4cfe1f5c-4c9c-4415-a79a-57e0c77a24f5: 19
DEBUG sets for 3229684f-828b-4584-9b7e-3020b2a7c043: 17
DEBUG sets for ef4d0610-1f28-4135-8e4a-b1095198556f: 18
DEBUG sets for f38ab2e9-9082-460a-8af0-cea0d72c4d83: 17
DEBUG sets for 9c6775b1-d2dc-4d61-acff-d03e14852e51: 18
DEBUG sets for e16dde1e-59a4-4f0b-a483-e21d93469c39: 17
DEBUG sets for 5cf7dcae-9081-40c0-9b90-6079ce6e0269: 17
DEBUG sets for 11f67b61-0ba1-4126-8f33-373985df3c18: 18
DEBUG sets for 4bd39b30-ba8e-4a16-a03b-907389d63c79: 15
DEBUG sets for 284daffc-ce5f-4e66-b3b5-c7fd305bf254: 14
DEBUG sets for 5f6a3adf-ec90-40fd-b4d9-85d8d3d26075: 14
DEBUG sets for ccbad86b-f23d-4d0c-888e-58a8b744c780: 9
DEBUG sets for f059bbee-6134-4d82-9d54-1465e5fa4e97: 18
DEBUG sets for e60a3278-8327-418a-aabe-95ea884a6904: 12
DEBUG sets for 6e9e2e4a-9ab2-4bba-aeb7-b5e2743d7382: 17
DEBUG sets for da6e2a1a-641f-4ac3-b15f-c3f5394e2af2: 24
DEBUG sets for 5f5ceb0b-a13a-4c18-8a1b-3261b2dea227: 25
DEBUG sets for c92add48-4b0e-4efa-90e2-e8f76bedb44a: 22
DEBUG sets for 92b58215-da42-4ede-87f7-eb3b3fc8179e: 22
DEBUG sets for b02a6891-b7c4-44e0-848b-d3fe5415f6d8: 24
DEBUG sets for 71476de7-9496-4a51-b038-ab3b8bc1e9d0: 22
DEBUG sets for d9d3df7f-61ee-4935-a2ff-725ab50c3ac3: 22
DEBUG sets for 85494f00-ea62-4777-9c24-294f5ffba9c6: 22
DEBUG sets for a7da514e-701c-452a-bb48-635c0029210c: 24
DEBUG sets for fb328d28-4241-4b0f-8093-2880d2596144: 22
DEBUG sets for b3d2830d-353e-4574-a55f-73a81a60c08e: 24
DEBUG sets for c8dbc020-24f0-463c-9d8f-a3ad0011fbcf: 22
✅ normalize complete — sessions: 61, sets: 1054
[06:30:15]   sync failed (rate limit / offline) — keeping last data
[06:30:15] training: build card data
wrote /Users/chadcrawford/knowledge/CHAD_OS/tools/workout-card.data.js — 4 sessions
  2026-07-08  Day B  DAY B - CHEST / TRICEPS  (5 days)  (7 ex)
  2026-07-07  Day A  DAY A — BACK / BICEPS (4-5 days)  (6 ex)
  2026-07-05  Day C  DAY C — DELTS / ABS (3-4 days)  (6 ex)
  2026-07-04  Day B  DAY B - CHEST / TRICEPS  (5 days)  (7 ex)
[06:30:15] weight: refresh withings
→ Using data: /Users/chadcrawford/knowledge/CHAD_OS/raw/withings/2026-06-20/withings-bb3040d60f44ba3e.json (fetched 2026-06-20)
→ Regenerating dashboard...
Dashboard written → /Users/chadcrawford/forge/projects/APE/dashboards/withings_body_composition.html
✓ Dashboard: /Users/chadcrawford/forge/projects/APE/dashboards/withings_body_composition.html
[06:30:16] ped: render from template
  ped.html written (demo seed)
[06:30:16] git: commit + push
To https://github.com/Calabasse/dash.git
   cf3713f..3eff5ef  main -> main
[06:30:18] deployed.
[06:30:05] prescription config synced to engine
[06:30:05] training: VOLM sync
list_workouts offset=0 attempt 1/3 failed: Client error '401 Unauthorized' for url 'https://api.volm.app/v1/workouts?limit=50&offset=0'
For more information check: https://developer.mozilla.org/en-US/docs/Web/HTTP/Status/401
list_workouts offset=0 attempt 2/3 failed: Client error '401 Unauthorized' for url 'https://api.volm.app/v1/workouts?limit=50&offset=0'
For more information check: https://developer.mozilla.org/en-US/docs/Web/HTTP/Status/401
list_workouts offset=0 attempt 3/3 failed: Client error '401 Unauthorized' for url 'https://api.volm.app/v1/workouts?limit=50&offset=0'
For more information check: https://developer.mozilla.org/en-US/docs/Web/HTTP/Status/401
Step 1 FAILED
Traceback (most recent call last):
  File "/Users/chadcrawford/forge/projects/APE/app/api/routes/sync.py", line 75, in run_sync
    _call_first_available(
  File "/Users/chadcrawford/forge/projects/APE/app/api/routes/sync.py", line 40, in _call_first_available
    return fn()
           ^^^^
  File "/Users/chadcrawford/forge/projects/APE/app/services/sync/sync_workouts.py", line 72, in sync_workouts
    raise RuntimeError("Sync aborted — API list failure")
RuntimeError: Sync aborted — API list failure
Traceback (most recent call last):
  File "/Users/chadcrawford/forge/projects/APE/app/api/routes/sync.py", line 75, in run_sync
    _call_first_available(
  File "/Users/chadcrawford/forge/projects/APE/app/api/routes/sync.py", line 40, in _call_first_available
    return fn()
           ^^^^
  File "/Users/chadcrawford/forge/projects/APE/app/services/sync/sync_workouts.py", line 72, in sync_workouts
    raise RuntimeError("Sync aborted — API list failure")
RuntimeError: Sync aborted — API list failure

The above exception was the direct cause of the following exception:

Traceback (most recent call last):
  File "<string>", line 1, in <module>
  File "/Users/chadcrawford/forge/projects/APE/app/api/routes/sync.py", line 85, in run_sync
    raise HTTPException(
fastapi.exceptions.HTTPException: 500: {'status': 'error', 'stage': 'sync', 'message': 'Sync aborted — API list failure'}
🚨 NORMALIZE FILE EXECUTING 🚨
SYNC START
[06:30:17]   sync failed (rate limit / offline) — keeping last data
[06:30:17] training: build card data
wrote /Users/chadcrawford/knowledge/CHAD_OS/tools/workout-card.data.js — 4 sessions
  2026-07-08  Day B  DAY B - CHEST / TRICEPS  (5 days)  (7 ex)
  2026-07-07  Day A  DAY A — BACK / BICEPS (4-5 days)  (6 ex)
  2026-07-05  Day C  DAY C — DELTS / ABS (3-4 days)  (6 ex)
  2026-07-04  Day B  DAY B - CHEST / TRICEPS  (5 days)  (7 ex)
[06:30:17] weight: refresh withings
→ Using data: /Users/chadcrawford/knowledge/CHAD_OS/raw/withings/2026-06-20/withings-bb3040d60f44ba3e.json (fetched 2026-06-20)
→ Regenerating dashboard...
Dashboard written → /Users/chadcrawford/forge/projects/APE/dashboards/withings_body_composition.html
✓ Dashboard: /Users/chadcrawford/forge/projects/APE/dashboards/withings_body_composition.html
[06:30:17] ped: render from template
  ped.html written (demo seed)
[06:30:17] git: commit + push
fatal: could not read Username for 'https://github.com': Device not configured
[06:30:17]   push failed — commit is local
[06:33:02] prescription config synced to engine
[06:33:02] training: VOLM sync
list_workouts offset=0 attempt 1/3 failed: [Errno 8] nodename nor servname provided, or not known
list_workouts offset=0 attempt 2/3 failed: [Errno 8] nodename nor servname provided, or not known
list_workouts offset=0 attempt 3/3 failed: [Errno 8] nodename nor servname provided, or not known
Step 1 FAILED
Traceback (most recent call last):
  File "/Users/chadcrawford/forge/projects/APE/app/api/routes/sync.py", line 75, in run_sync
    _call_first_available(
  File "/Users/chadcrawford/forge/projects/APE/app/api/routes/sync.py", line 40, in _call_first_available
    return fn()
           ^^^^
  File "/Users/chadcrawford/forge/projects/APE/app/services/sync/sync_workouts.py", line 72, in sync_workouts
    raise RuntimeError("Sync aborted — API list failure")
RuntimeError: Sync aborted — API list failure
Traceback (most recent call last):
  File "/Users/chadcrawford/forge/projects/APE/app/api/routes/sync.py", line 75, in run_sync
    _call_first_available(
  File "/Users/chadcrawford/forge/projects/APE/app/api/routes/sync.py", line 40, in _call_first_available
    return fn()
           ^^^^
  File "/Users/chadcrawford/forge/projects/APE/app/services/sync/sync_workouts.py", line 72, in sync_workouts
    raise RuntimeError("Sync aborted — API list failure")
RuntimeError: Sync aborted — API list failure

The above exception was the direct cause of the following exception:

Traceback (most recent call last):
  File "<string>", line 1, in <module>
  File "/Users/chadcrawford/forge/projects/APE/app/api/routes/sync.py", line 85, in run_sync
    raise HTTPException(
fastapi.exceptions.HTTPException: 500: {'status': 'error', 'stage': 'sync', 'message': 'Sync aborted — API list failure'}
🚨 NORMALIZE FILE EXECUTING 🚨
SYNC START
[06:33:14]   sync failed (rate limit / offline) — keeping last data
[06:33:14] training: build card data
wrote /Users/chadcrawford/knowledge/CHAD_OS/tools/workout-card.data.js — 4 sessions
  2026-07-08  Day B  DAY B - CHEST / TRICEPS  (5 days)  (7 ex)
  2026-07-07  Day A  DAY A — BACK / BICEPS (4-5 days)  (6 ex)
  2026-07-05  Day C  DAY C — DELTS / ABS (3-4 days)  (6 ex)
  2026-07-04  Day B  DAY B - CHEST / TRICEPS  (5 days)  (7 ex)
[06:33:14] weight: refresh withings
→ Using data: /Users/chadcrawford/knowledge/CHAD_OS/raw/withings/2026-06-20/withings-bb3040d60f44ba3e.json (fetched 2026-06-20)
→ Regenerating dashboard...
Dashboard written → /Users/chadcrawford/forge/projects/APE/dashboards/withings_body_composition.html
✓ Dashboard: /Users/chadcrawford/forge/projects/APE/dashboards/withings_body_composition.html
[06:33:14] ped: render from template
  ped.html written (demo seed)
[06:33:14] git: commit + push
fatal: unable to access 'https://github.com/Calabasse/dash.git/': Could not resolve host: github.com
[06:33:14]   push failed — commit is local
[06:30:02] prescription config synced to engine
[06:30:02] training: skipping VOLM sync (no --sync) — republishing last data
[06:30:02] training: build card data
wrote /Users/chadcrawford/knowledge/CHAD_OS/tools/workout-card.data.js — 4 sessions
  2026-07-08  Day B  DAY B - CHEST / TRICEPS  (5 days)  (7 ex)
  2026-07-07  Day A  DAY A — BACK / BICEPS (4-5 days)  (6 ex)
  2026-07-05  Day C  DAY C — DELTS / ABS (3-4 days)  (6 ex)
  2026-07-04  Day B  DAY B - CHEST / TRICEPS  (5 days)  (7 ex)
[06:30:02] weight: refresh withings
→ Using data: /Users/chadcrawford/knowledge/CHAD_OS/raw/withings/2026-06-20/withings-bb3040d60f44ba3e.json (fetched 2026-06-20)
→ Regenerating dashboard...
Dashboard written → /Users/chadcrawford/forge/projects/APE/dashboards/withings_body_composition.html
✓ Dashboard: /Users/chadcrawford/forge/projects/APE/dashboards/withings_body_composition.html
[06:30:03] ped: render from template
  ped.html written (demo seed)
[06:30:03] git: commit + push
To https://github.com/Calabasse/dash.git
   62e2033..06e5082  main -> main
[06:30:11] deployed.
[06:30:02] prescription config synced to engine
[06:30:02] training: skipping VOLM sync (no --sync) — republishing last data
[06:30:02] training: build card data
wrote /Users/chadcrawford/knowledge/CHAD_OS/tools/workout-card.data.js — 4 sessions
  2026-07-08  Day B  DAY B - CHEST / TRICEPS  (5 days)  (7 ex)
  2026-07-07  Day A  DAY A — BACK / BICEPS (4-5 days)  (6 ex)
  2026-07-05  Day C  DAY C — DELTS / ABS (3-4 days)  (6 ex)
  2026-07-04  Day B  DAY B - CHEST / TRICEPS  (5 days)  (7 ex)
[06:30:02] weight: refresh withings
→ Using data: /Users/chadcrawford/knowledge/CHAD_OS/raw/withings/2026-06-20/withings-bb3040d60f44ba3e.json (fetched 2026-06-20)
→ Regenerating dashboard...
Dashboard written → /Users/chadcrawford/forge/projects/APE/dashboards/withings_body_composition.html
✓ Dashboard: /Users/chadcrawford/forge/projects/APE/dashboards/withings_body_composition.html
[06:30:03] ped: render from template
  ped.html written (demo seed)
[06:30:03] git: commit + push
failed to get: -25320
fatal: could not read Username for 'https://github.com': Device not configured
[06:30:03]   push failed — commit is local
[06:30:05] prescription config synced to engine
[06:30:05] training: skipping VOLM sync (no --sync) — republishing last data
[06:30:05] training: build card data
wrote /Users/chadcrawford/knowledge/CHAD_OS/tools/workout-card.data.js — 4 sessions
  2026-07-08  Day B  DAY B - CHEST / TRICEPS  (5 days)  (7 ex)
  2026-07-07  Day A  DAY A — BACK / BICEPS (4-5 days)  (6 ex)
  2026-07-05  Day C  DAY C — DELTS / ABS (3-4 days)  (6 ex)
  2026-07-04  Day B  DAY B - CHEST / TRICEPS  (5 days)  (7 ex)
[06:30:05] weight: refresh withings
→ Using data: /Users/chadcrawford/knowledge/CHAD_OS/raw/withings/2026-06-20/withings-bb3040d60f44ba3e.json (fetched 2026-06-20)
→ Regenerating dashboard...
Dashboard written → /Users/chadcrawford/forge/projects/APE/dashboards/withings_body_composition.html
✓ Dashboard: /Users/chadcrawford/forge/projects/APE/dashboards/withings_body_composition.html
[06:30:05] ped: render from template
  ped.html written (demo seed)
[06:30:05] git: commit + push
To https://github.com/Calabasse/dash.git
   06e5082..e9f9776  main -> main
[06:30:56] deployed.
[06:30:05] prescription config synced to engine
[06:30:05] training: skipping VOLM sync (no --sync) — republishing last data
[06:30:05] training: build card data
wrote /Users/chadcrawford/knowledge/CHAD_OS/tools/workout-card.data.js — 4 sessions
  2026-07-08  Day B  DAY B - CHEST / TRICEPS  (5 days)  (7 ex)
  2026-07-07  Day A  DAY A — BACK / BICEPS (4-5 days)  (6 ex)
  2026-07-05  Day C  DAY C — DELTS / ABS (3-4 days)  (6 ex)
  2026-07-04  Day B  DAY B - CHEST / TRICEPS  (5 days)  (7 ex)
[06:30:05] weight: refresh withings
→ Using data: /Users/chadcrawford/knowledge/CHAD_OS/raw/withings/2026-07-13/withings-03fb95eb8d76fd08.json (fetched 2026-07-13)
→ Regenerating dashboard...
Dashboard written → /Users/chadcrawford/forge/projects/APE/dashboards/withings_body_composition.html
✓ Dashboard: /Users/chadcrawford/forge/projects/APE/dashboards/withings_body_composition.html
[06:30:05] ped: render from template
  ped.html written (demo seed)
[06:30:05] git: commit + push
To https://github.com/Calabasse/dash.git
   e9f9776..816bb2d  main -> main
[06:30:14] deployed.
[06:30:05] prescription config synced to engine
[06:30:05] training: skipping VOLM sync (no --sync) — republishing last data
[06:30:05] training: build card data
wrote /Users/chadcrawford/knowledge/CHAD_OS/tools/workout-card.data.js — 4 sessions
  2026-07-08  Day B  DAY B - CHEST / TRICEPS  (5 days)  (7 ex)
  2026-07-07  Day A  DAY A — BACK / BICEPS (4-5 days)  (6 ex)
  2026-07-05  Day C  DAY C — DELTS / ABS (3-4 days)  (6 ex)
  2026-07-04  Day B  DAY B - CHEST / TRICEPS  (5 days)  (7 ex)
[06:30:06] weight: refresh withings
→ Using data: /Users/chadcrawford/knowledge/CHAD_OS/raw/withings/2026-07-13/withings-03fb95eb8d76fd08.json (fetched 2026-07-13)
→ Regenerating dashboard...
Dashboard written → /Users/chadcrawford/forge/projects/APE/dashboards/withings_body_composition.html
✓ Dashboard: /Users/chadcrawford/forge/projects/APE/dashboards/withings_body_composition.html
[06:30:07] ped: render from template
  ped.html written (demo seed)
[06:30:07] git: commit + push
To https://github.com/Calabasse/dash.git
   816bb2d..6f1303d  main -> main
[07:02:06] deployed.
[06:30:05] prescription config synced to engine
[06:30:05] training: skipping VOLM sync (no --sync) — republishing last data
[06:30:05] training: build card data
wrote /Users/chadcrawford/knowledge/CHAD_OS/tools/workout-card.data.js — 4 sessions
  2026-07-08  Day B  DAY B - CHEST / TRICEPS  (5 days)  (7 ex)
  2026-07-07  Day A  DAY A — BACK / BICEPS (4-5 days)  (6 ex)
  2026-07-05  Day C  DAY C — DELTS / ABS (3-4 days)  (6 ex)
  2026-07-04  Day B  DAY B - CHEST / TRICEPS  (5 days)  (7 ex)
[06:30:06] weight: refresh withings
→ Using data: /Users/chadcrawford/knowledge/CHAD_OS/raw/withings/2026-07-13/withings-03fb95eb8d76fd08.json (fetched 2026-07-13)
→ Regenerating dashboard...
Dashboard written → /Users/chadcrawford/forge/projects/APE/dashboards/withings_body_composition.html
✓ Dashboard: /Users/chadcrawford/forge/projects/APE/dashboards/withings_body_composition.html
[06:30:07] ped: render from template
  ped.html written (demo seed)
[06:30:07] git: commit + push
To https://github.com/Calabasse/dash.git
   6f1303d..29957b6  main -> main
[06:30:15] deployed.
[06:30:05] prescription config synced to engine
[06:30:05] training: skipping VOLM sync (no --sync) — republishing last data
[06:30:05] training: build card data
wrote /Users/chadcrawford/knowledge/CHAD_OS/tools/workout-card.data.js — 4 sessions
  2026-07-08  Day B  DAY B - CHEST / TRICEPS  (5 days)  (7 ex)
  2026-07-07  Day A  DAY A — BACK / BICEPS (4-5 days)  (6 ex)
  2026-07-05  Day C  DAY C — DELTS / ABS (3-4 days)  (6 ex)
  2026-07-04  Day B  DAY B - CHEST / TRICEPS  (5 days)  (7 ex)
[06:30:05] weight: refresh withings
→ Using data: /Users/chadcrawford/knowledge/CHAD_OS/raw/withings/2026-07-13/withings-03fb95eb8d76fd08.json (fetched 2026-07-13)
→ Regenerating dashboard...
Dashboard written → /Users/chadcrawford/forge/projects/APE/dashboards/withings_body_composition.html
✓ Dashboard: /Users/chadcrawford/forge/projects/APE/dashboards/withings_body_composition.html
[06:30:06] ped: render from template
  ped.html written (demo seed)
[06:30:06] git: commit + push
To https://github.com/Calabasse/dash.git
   29957b6..59b4c7a  main -> main
[06:30:16] deployed.
[06:30:05] prescription config synced to engine
[06:30:05] training: skipping VOLM sync (no --sync) — republishing last data
[06:30:05] training: build card data
wrote /Users/chadcrawford/knowledge/CHAD_OS/tools/workout-card.data.js — 4 sessions
  2026-07-08  Day B  DAY B - CHEST / TRICEPS  (5 days)  (7 ex)
  2026-07-07  Day A  DAY A — BACK / BICEPS (4-5 days)  (6 ex)
  2026-07-05  Day C  DAY C — DELTS / ABS (3-4 days)  (6 ex)
  2026-07-04  Day B  DAY B - CHEST / TRICEPS  (5 days)  (7 ex)
[06:30:05] weight: refresh withings
→ Using data: /Users/chadcrawford/knowledge/CHAD_OS/raw/withings/2026-07-13/withings-03fb95eb8d76fd08.json (fetched 2026-07-13)
→ Regenerating dashboard...
Dashboard written → /Users/chadcrawford/forge/projects/APE/dashboards/withings_body_composition.html
✓ Dashboard: /Users/chadcrawford/forge/projects/APE/dashboards/withings_body_composition.html
[06:30:06] ped: render from template
  ped.html written (demo seed)
[06:30:06] git: commit + push
To https://github.com/Calabasse/dash.git
   59b4c7a..9c0b4a7  main -> main
[06:30:44] deployed.
[06:30:04] prescription config synced to engine
[06:30:04] training: skipping VOLM sync (no --sync) — republishing last data
[06:30:04] training: build card data
wrote /Users/chadcrawford/knowledge/CHAD_OS/tools/workout-card.data.js — 4 sessions
  2026-07-08  Day B  DAY B - CHEST / TRICEPS  (5 days)  (7 ex)
  2026-07-07  Day A  DAY A — BACK / BICEPS (4-5 days)  (6 ex)
  2026-07-05  Day C  DAY C — DELTS / ABS (3-4 days)  (6 ex)
  2026-07-04  Day B  DAY B - CHEST / TRICEPS  (5 days)  (7 ex)
[06:30:05] weight: refresh withings
→ Using data: /Users/chadcrawford/knowledge/CHAD_OS/raw/withings/2026-07-13/withings-03fb95eb8d76fd08.json (fetched 2026-07-13)
→ Regenerating dashboard...
Dashboard written → /Users/chadcrawford/forge/projects/APE/dashboards/withings_body_composition.html
✓ Dashboard: /Users/chadcrawford/forge/projects/APE/dashboards/withings_body_composition.html
[06:30:05] ped: render from template
  ped.html written (demo seed)
[06:30:05] git: commit + push
To https://github.com/Calabasse/dash.git
   9c0b4a7..b3093f4  main -> main
[06:30:13] deployed.
[06:30:05] prescription config synced to engine
[06:30:05] training: skipping VOLM sync (no --sync) — republishing last data
[06:30:05] training: build card data
wrote /Users/chadcrawford/knowledge/CHAD_OS/tools/workout-card.data.js — 4 sessions
  2026-07-08  Day B  DAY B - CHEST / TRICEPS  (5 days)  (7 ex)
  2026-07-07  Day A  DAY A — BACK / BICEPS (4-5 days)  (6 ex)
  2026-07-05  Day C  DAY C — DELTS / ABS (3-4 days)  (6 ex)
  2026-07-04  Day B  DAY B - CHEST / TRICEPS  (5 days)  (7 ex)
[06:30:05] weight: refresh withings
→ Using data: /Users/chadcrawford/knowledge/CHAD_OS/raw/withings/2026-07-13/withings-03fb95eb8d76fd08.json (fetched 2026-07-13)
→ Regenerating dashboard...
Dashboard written → /Users/chadcrawford/forge/projects/APE/dashboards/withings_body_composition.html
✓ Dashboard: /Users/chadcrawford/forge/projects/APE/dashboards/withings_body_composition.html
[06:30:06] ped: render from template
  ped.html written (demo seed)
[06:30:06] git: commit + push
To https://github.com/Calabasse/dash.git
   b3093f4..9b41f99  main -> main
[06:30:22] deployed.
[06:30:06] prescription config synced to engine
[06:30:06] training: skipping VOLM sync (no --sync) — republishing last data
[06:30:06] training: build card data
wrote /Users/chadcrawford/knowledge/CHAD_OS/tools/workout-card.data.js — 4 sessions
  2026-07-08  Day B  DAY B - CHEST / TRICEPS  (5 days)  (7 ex)
  2026-07-07  Day A  DAY A — BACK / BICEPS (4-5 days)  (6 ex)
  2026-07-05  Day C  DAY C — DELTS / ABS (3-4 days)  (6 ex)
  2026-07-04  Day B  DAY B - CHEST / TRICEPS  (5 days)  (7 ex)
[06:30:06] weight: refresh withings
→ Using data: /Users/chadcrawford/knowledge/CHAD_OS/raw/withings/2026-07-13/withings-03fb95eb8d76fd08.json (fetched 2026-07-13)
→ Regenerating dashboard...
Dashboard written → /Users/chadcrawford/forge/projects/APE/dashboards/withings_body_composition.html
✓ Dashboard: /Users/chadcrawford/forge/projects/APE/dashboards/withings_body_composition.html
[06:30:06] ped: render from template
  ped.html written (demo seed)
[06:30:06] git: commit + push
To https://github.com/Calabasse/dash.git
   9b41f99..ddd45ea  main -> main
[06:30:19] deployed.
[06:30:04] prescription config synced to engine
[06:30:04] training: skipping VOLM sync (no --sync) — republishing last data
[06:30:04] training: build card data
wrote /Users/chadcrawford/knowledge/CHAD_OS/tools/workout-card.data.js — 4 sessions
  2026-07-08  Day B  DAY B - CHEST / TRICEPS  (5 days)  (7 ex)
  2026-07-07  Day A  DAY A — BACK / BICEPS (4-5 days)  (6 ex)
  2026-07-05  Day C  DAY C — DELTS / ABS (3-4 days)  (6 ex)
  2026-07-04  Day B  DAY B - CHEST / TRICEPS  (5 days)  (7 ex)
[06:30:05] weight: refresh withings
→ Using data: /Users/chadcrawford/knowledge/CHAD_OS/raw/withings/2026-07-13/withings-03fb95eb8d76fd08.json (fetched 2026-07-13)
→ Regenerating dashboard...
Dashboard written → /Users/chadcrawford/forge/projects/APE/dashboards/withings_body_composition.html
✓ Dashboard: /Users/chadcrawford/forge/projects/APE/dashboards/withings_body_composition.html
[06:30:05] ped: render from template
  ped.html written (demo seed)
[06:30:05] git: commit + push
To https://github.com/Calabasse/dash.git
   a677b9c..2d839fc  main -> main
[06:30:15] deployed.
[06:30:05] prescription config synced to engine
[06:30:05] training: skipping VOLM sync (no --sync) — republishing last data
[06:30:05] training: build card data
wrote /Users/chadcrawford/knowledge/CHAD_OS/tools/workout-card.data.js — 4 sessions
  2026-07-08  Day B  DAY B - CHEST / TRICEPS  (5 days)  (7 ex)
  2026-07-07  Day A  DAY A — BACK / BICEPS (4-5 days)  (6 ex)
  2026-07-05  Day C  DAY C — DELTS / ABS (3-4 days)  (6 ex)
  2026-07-04  Day B  DAY B - CHEST / TRICEPS  (5 days)  (7 ex)
[06:30:06] weight: refresh withings
→ Using data: /Users/chadcrawford/knowledge/CHAD_OS/raw/withings/2026-07-13/withings-03fb95eb8d76fd08.json (fetched 2026-07-13)
→ Regenerating dashboard...
Dashboard written → /Users/chadcrawford/forge/projects/APE/dashboards/withings_body_composition.html
✓ Dashboard: /Users/chadcrawford/forge/projects/APE/dashboards/withings_body_composition.html
[06:30:06] ped: render from template
  ped.html written (demo seed)
[06:30:06] git: commit + push
To https://github.com/Calabasse/dash.git
   2d839fc..8f80ebc  main -> main
[06:31:26] deployed.
[06:35:45] prescription config synced to engine
[06:35:45] training: skipping VOLM sync (no --sync) — republishing last data
[06:35:45] training: build card data
wrote /Users/chadcrawford/knowledge/CHAD_OS/tools/workout-card.data.js — 4 sessions
  2026-07-08  Day B  DAY B - CHEST / TRICEPS  (5 days)  (7 ex)
  2026-07-07  Day A  DAY A — BACK / BICEPS (4-5 days)  (6 ex)
  2026-07-05  Day C  DAY C — DELTS / ABS (3-4 days)  (6 ex)
  2026-07-04  Day B  DAY B - CHEST / TRICEPS  (5 days)  (7 ex)
[06:35:47] weight: refresh withings
→ Using data: /Users/chadcrawford/knowledge/CHAD_OS/raw/withings/2026-07-13/withings-03fb95eb8d76fd08.json (fetched 2026-07-13)
→ Regenerating dashboard...
Dashboard written → /Users/chadcrawford/forge/projects/APE/dashboards/withings_body_composition.html
✓ Dashboard: /Users/chadcrawford/forge/projects/APE/dashboards/withings_body_composition.html
[06:35:47] ped: render from template
  ped.html written (demo seed)
[06:35:47] git: commit + push
failed to get: -25320
fatal: could not read Username for 'https://github.com': Device not configured
[06:35:48]   push failed — commit is local
[06:30:02] prescription config synced to engine
[06:30:02] training: skipping VOLM sync (no --sync) — republishing last data
[06:30:02] training: build card data
wrote /Users/chadcrawford/knowledge/CHAD_OS/tools/workout-card.data.js — 4 sessions
  2026-07-08  Day B  DAY B - CHEST / TRICEPS  (5 days)  (7 ex)
  2026-07-07  Day A  DAY A — BACK / BICEPS (4-5 days)  (6 ex)
  2026-07-05  Day C  DAY C — DELTS / ABS (3-4 days)  (6 ex)
  2026-07-04  Day B  DAY B - CHEST / TRICEPS  (5 days)  (7 ex)
[06:30:03] weight: refresh withings
→ Using data: /Users/chadcrawford/knowledge/CHAD_OS/raw/withings/2026-07-13/withings-03fb95eb8d76fd08.json (fetched 2026-07-13)
→ Regenerating dashboard...
Dashboard written → /Users/chadcrawford/forge/projects/APE/dashboards/withings_body_composition.html
✓ Dashboard: /Users/chadcrawford/forge/projects/APE/dashboards/withings_body_composition.html
[06:30:03] ped: render from template
  ped.html written (demo seed)
[06:30:03] git: commit + push
To https://github.com/Calabasse/dash.git
   8f80ebc..9f2baac  main -> main
[06:31:58] deployed.
[06:30:01] prescription config synced to engine
[06:30:01] training: skipping VOLM sync (no --sync) — republishing last data
[06:30:01] training: build card data
wrote /Users/chadcrawford/knowledge/CHAD_OS/tools/workout-card.data.js — 4 sessions
  2026-07-08  Day B  DAY B - CHEST / TRICEPS  (5 days)  (7 ex)
  2026-07-07  Day A  DAY A — BACK / BICEPS (4-5 days)  (6 ex)
  2026-07-05  Day C  DAY C — DELTS / ABS (3-4 days)  (6 ex)
  2026-07-04  Day B  DAY B - CHEST / TRICEPS  (5 days)  (7 ex)
[06:30:04] weight: refresh withings
→ Using data: /Users/chadcrawford/knowledge/CHAD_OS/raw/withings/2026-07-13/withings-03fb95eb8d76fd08.json (fetched 2026-07-13)
→ Regenerating dashboard...
Dashboard written → /Users/chadcrawford/forge/projects/APE/dashboards/withings_body_composition.html
✓ Dashboard: /Users/chadcrawford/forge/projects/APE/dashboards/withings_body_composition.html
[06:30:04] ped: render from template
  ped.html written (demo seed)
[06:30:04] git: commit + push
failed to get: -25320
fatal: could not read Username for 'https://github.com': Device not configured
[06:30:04]   push failed — commit is local
[06:30:04] prescription config synced to engine
[06:30:04] training: skipping VOLM sync (no --sync) — republishing last data
[06:30:04] training: build card data
wrote /Users/chadcrawford/knowledge/CHAD_OS/tools/workout-card.data.js — 4 sessions
  2026-07-25  Day C  DAY C — DELTS / ABS (3-4 days)  (6 ex)
  2026-07-21  Day B  DAY B - CHEST / TRICEPS  (5 days)  (7 ex)
  2026-07-20  Day A  DAY A — BACK / BICEPS (4-5 days)  (6 ex)
  2026-07-19  Day C  DAY C — DELTS / ABS (3-4 days)  (6 ex)
[06:30:05] training: cache-busted workout.html (v=20260727063005)
[06:30:05] weight: refresh withings
→ Using data: /Users/chadcrawford/knowledge/CHAD_OS/raw/withings/2026-07-13/withings-03fb95eb8d76fd08.json (fetched 2026-07-13)
→ Regenerating dashboard...
Dashboard written → /Users/chadcrawford/forge/projects/APE/dashboards/withings_body_composition.html
✓ Dashboard: /Users/chadcrawford/forge/projects/APE/dashboards/withings_body_composition.html
[06:30:06] ped: render from template
  ped.html written (demo seed)
[06:30:06] git: commit + push
To https://github.com/Calabasse/dash.git
   5314db0..9ae1f27  main -> main
[06:45:00] deployed.
[06:30:01] prescription config synced to engine
[06:30:01] training: skipping VOLM sync (no --sync) — republishing last data
[06:30:01] training: build card data
wrote /Users/chadcrawford/knowledge/CHAD_OS/tools/workout-card.data.js — 4 sessions
  2026-07-25  Day C  DAY C — DELTS / ABS (3-4 days)  (6 ex)
  2026-07-21  Day B  DAY B - CHEST / TRICEPS  (5 days)  (7 ex)
  2026-07-20  Day A  DAY A — BACK / BICEPS (4-5 days)  (6 ex)
  2026-07-19  Day C  DAY C — DELTS / ABS (3-4 days)  (6 ex)
[06:30:01] training: cache-busted workout.html (v=20260728063001)
[06:30:01] weight: refresh withings
→ Using data: /Users/chadcrawford/knowledge/CHAD_OS/raw/withings/2026-07-13/withings-03fb95eb8d76fd08.json (fetched 2026-07-13)
→ Regenerating dashboard...
Dashboard written → /Users/chadcrawford/forge/projects/APE/dashboards/withings_body_composition.html
✓ Dashboard: /Users/chadcrawford/forge/projects/APE/dashboards/withings_body_composition.html
[06:30:02] ped: render from template
  ped.html written (demo seed)
[06:30:02] git: commit + push
To https://github.com/Calabasse/dash.git
   9ae1f27..99de8d3  main -> main
[06:30:20] deployed.
[06:31:25] prescription config synced to engine
[06:31:25] training: skipping VOLM sync (no --sync) — republishing last data
[06:31:25] training: build card data
wrote /Users/chadcrawford/knowledge/CHAD_OS/tools/workout-card.data.js — 4 sessions
  2026-07-25  Day C  DAY C — DELTS / ABS (3-4 days)  (6 ex)
  2026-07-21  Day B  DAY B - CHEST / TRICEPS  (5 days)  (7 ex)
  2026-07-20  Day A  DAY A — BACK / BICEPS (4-5 days)  (6 ex)
  2026-07-19  Day C  DAY C — DELTS / ABS (3-4 days)  (6 ex)
[06:31:26] training: cache-busted workout.html (v=20260729063126)
[06:31:26] weight: refresh withings
→ Using data: /Users/chadcrawford/knowledge/CHAD_OS/raw/withings/2026-07-13/withings-03fb95eb8d76fd08.json (fetched 2026-07-13)
→ Regenerating dashboard...
Dashboard written → /Users/chadcrawford/forge/projects/APE/dashboards/withings_body_composition.html
✓ Dashboard: /Users/chadcrawford/forge/projects/APE/dashboards/withings_body_composition.html
[06:31:26] ped: render from template
  ped.html written (demo seed)
[06:31:26] git: commit + push
fatal: unable to access 'https://github.com/Calabasse/dash.git/': Could not resolve host: github.com
[06:31:26]   push failed — commit is local
[06:30:33] prescription config synced to engine
[06:30:33] training: skipping VOLM sync (no --sync) — republishing last data
[06:30:33] training: build card data
wrote /Users/chadcrawford/knowledge/CHAD_OS/tools/workout-card.data.js — 4 sessions
  2026-07-25  Day C  DAY C — DELTS / ABS (3-4 days)  (6 ex)
  2026-07-21  Day B  DAY B - CHEST / TRICEPS  (5 days)  (7 ex)
  2026-07-20  Day A  DAY A — BACK / BICEPS (4-5 days)  (6 ex)
  2026-07-19  Day C  DAY C — DELTS / ABS (3-4 days)  (6 ex)
[06:30:34] training: cache-busted workout.html (v=20260730063034)
[06:30:34] weight: refresh withings
→ Using data: /Users/chadcrawford/knowledge/CHAD_OS/raw/withings/2026-07-13/withings-03fb95eb8d76fd08.json (fetched 2026-07-13)
→ Regenerating dashboard...
Dashboard written → /Users/chadcrawford/forge/projects/APE/dashboards/withings_body_composition.html
✓ Dashboard: /Users/chadcrawford/forge/projects/APE/dashboards/withings_body_composition.html
[06:30:35] ped: render from template
  ped.html written (demo seed)
[06:30:35] git: commit + push
fatal: unable to access 'https://github.com/Calabasse/dash.git/': Could not resolve host: github.com
[06:30:35]   push failed — commit is local
[06:41:41] prescription config synced to engine
[06:41:41] training: skipping VOLM sync (no --sync) — republishing last data
[06:41:41] training: build card data
wrote /Users/chadcrawford/knowledge/CHAD_OS/tools/workout-card.data.js — 4 sessions
  2026-07-25  Day C  DAY C — DELTS / ABS (3-4 days)  (6 ex)
  2026-07-21  Day B  DAY B - CHEST / TRICEPS  (5 days)  (7 ex)
  2026-07-20  Day A  DAY A — BACK / BICEPS (4-5 days)  (6 ex)
  2026-07-19  Day C  DAY C — DELTS / ABS (3-4 days)  (6 ex)
[06:41:42] training: cache-busted workout.html (v=20260731064142)
[06:41:42] weight: refresh withings
→ Using data: /Users/chadcrawford/knowledge/CHAD_OS/raw/withings/2026-07-13/withings-03fb95eb8d76fd08.json (fetched 2026-07-13)
→ Regenerating dashboard...
Dashboard written → /Users/chadcrawford/forge/projects/APE/dashboards/withings_body_composition.html
✓ Dashboard: /Users/chadcrawford/forge/projects/APE/dashboards/withings_body_composition.html
[06:41:42] ped: render from template
  ped.html written (demo seed)
[06:41:42] git: commit + push
fatal: unable to access 'https://github.com/Calabasse/dash.git/': Could not resolve host: github.com
[06:41:42]   push failed — commit is local
[06:30:05] prescription config synced to engine
[06:30:05] training: skipping VOLM sync (no --sync) — republishing last data
[06:30:05] training: build card data
wrote /Users/chadcrawford/knowledge/CHAD_OS/tools/workout-card.data.js — 4 sessions
  2026-07-25  Day C  DAY C — DELTS / ABS (3-4 days)  (6 ex)
  2026-07-21  Day B  DAY B - CHEST / TRICEPS  (5 days)  (7 ex)
  2026-07-20  Day A  DAY A — BACK / BICEPS (4-5 days)  (6 ex)
  2026-07-19  Day C  DAY C — DELTS / ABS (3-4 days)  (6 ex)
[06:30:06] training: cache-busted workout.html (v=20260801063006)
[06:30:06] weight: refresh withings
→ Using data: /Users/chadcrawford/knowledge/CHAD_OS/raw/withings/2026-07-13/withings-03fb95eb8d76fd08.json (fetched 2026-07-13)
→ Regenerating dashboard...
Dashboard written → /Users/chadcrawford/forge/projects/APE/dashboards/withings_body_composition.html
✓ Dashboard: /Users/chadcrawford/forge/projects/APE/dashboards/withings_body_composition.html
[06:30:07] ped: render from template
  ped.html written (demo seed)
[06:30:07] git: commit + push
To https://github.com/Calabasse/dash.git
   99de8d3..fc023b4  main -> main
[06:30:19] deployed.
[06:30:05] prescription config synced to engine
[06:30:05] training: skipping VOLM sync (no --sync) — republishing last data
[06:30:05] training: build card data
wrote /Users/chadcrawford/knowledge/CHAD_OS/tools/workout-card.data.js — 4 sessions
  2026-07-25  Day C  DAY C — DELTS / ABS (3-4 days)  (6 ex)
  2026-07-21  Day B  DAY B - CHEST / TRICEPS  (5 days)  (7 ex)
  2026-07-20  Day A  DAY A — BACK / BICEPS (4-5 days)  (6 ex)
  2026-07-19  Day C  DAY C — DELTS / ABS (3-4 days)  (6 ex)
[06:30:05] training: cache-busted workout.html (v=20260802063005)
[06:30:05] weight: refresh withings
→ Using data: /Users/chadcrawford/knowledge/CHAD_OS/raw/withings/2026-07-13/withings-03fb95eb8d76fd08.json (fetched 2026-07-13)
→ Regenerating dashboard...
Dashboard written → /Users/chadcrawford/forge/projects/APE/dashboards/withings_body_composition.html
✓ Dashboard: /Users/chadcrawford/forge/projects/APE/dashboards/withings_body_composition.html
[06:30:06] ped: render from template
  ped.html written (demo seed)
[06:30:06] git: commit + push
To https://github.com/Calabasse/dash.git
   fc023b4..3540042  main -> main
[06:30:16] deployed.
[06:30:01] prescription config synced to engine
[06:30:01] training: skipping VOLM sync (no --sync) — republishing last data
[06:30:01] training: build card data
wrote /Users/chadcrawford/knowledge/CHAD_OS/tools/workout-card.data.js — 4 sessions
  2026-07-25  Day C  DAY C — DELTS / ABS (3-4 days)  (6 ex)
  2026-07-21  Day B  DAY B - CHEST / TRICEPS  (5 days)  (7 ex)
  2026-07-20  Day A  DAY A — BACK / BICEPS (4-5 days)  (6 ex)
  2026-07-19  Day C  DAY C — DELTS / ABS (3-4 days)  (6 ex)
[06:30:01] training: cache-busted workout.html (v=20260803063001)
[06:30:01] weight: refresh withings
→ Using data: /Users/chadcrawford/knowledge/CHAD_OS/raw/withings/2026-07-13/withings-03fb95eb8d76fd08.json (fetched 2026-07-13)
→ Regenerating dashboard...
Dashboard written → /Users/chadcrawford/forge/projects/APE/dashboards/withings_body_composition.html
✓ Dashboard: /Users/chadcrawford/forge/projects/APE/dashboards/withings_body_composition.html
[06:30:02] ped: render from template
  ped.html written (demo seed)
[06:30:02] git: commit + push
To https://github.com/Calabasse/dash.git
   4698f9e..e7fc92c  main -> main
[06:30:11] deployed.
[06:30:00] prescription config synced to engine
[06:30:00] training: skipping VOLM sync (no --sync) — republishing last data
[06:30:00] training: build card data
wrote /Users/chadcrawford/knowledge/CHAD_OS/tools/workout-card.data.js — 4 sessions
  2026-07-25  Day C  DAY C — DELTS / ABS (3-4 days)  (6 ex)
  2026-07-21  Day B  DAY B - CHEST / TRICEPS  (5 days)  (7 ex)
  2026-07-20  Day A  DAY A — BACK / BICEPS (4-5 days)  (6 ex)
  2026-07-19  Day C  DAY C — DELTS / ABS (3-4 days)  (6 ex)
[06:30:00] training: cache-busted workout.html (v=20260804063000)
[06:30:00] weight: refresh withings
→ Using data: /Users/chadcrawford/knowledge/CHAD_OS/raw/withings/2026-07-13/withings-03fb95eb8d76fd08.json (fetched 2026-07-13)
→ Regenerating dashboard...
Dashboard written → /Users/chadcrawford/forge/projects/APE/dashboards/withings_body_composition.html
✓ Dashboard: /Users/chadcrawford/forge/projects/APE/dashboards/withings_body_composition.html
[06:30:00] ped: render from template
  ped.html written (demo seed)
[06:30:00] git: commit + push
To https://github.com/Calabasse/dash.git
   e7fc92c..59212f9  main -> main
[06:31:11] deployed.
[06:30:05] prescription config synced to engine
[06:30:05] training: skipping VOLM sync (no --sync) — republishing last data
[06:30:05] training: build card data
wrote /Users/chadcrawford/knowledge/CHAD_OS/tools/workout-card.data.js — 4 sessions
  2026-07-25  Day C  DAY C — DELTS / ABS (3-4 days)  (6 ex)
  2026-07-21  Day B  DAY B - CHEST / TRICEPS  (5 days)  (7 ex)
  2026-07-20  Day A  DAY A — BACK / BICEPS (4-5 days)  (6 ex)
  2026-07-19  Day C  DAY C — DELTS / ABS (3-4 days)  (6 ex)
[06:30:05] training: cache-busted workout.html (v=20260805063005)
[06:30:05] weight: refresh withings
→ Using data: /Users/chadcrawford/knowledge/CHAD_OS/raw/withings/2026-08-04/withings-8882eec2d0faad3a.json (fetched 2026-08-04)
→ Regenerating dashboard...
Dashboard written → /Users/chadcrawford/forge/projects/APE/dashboards/withings_body_composition.html
✓ Dashboard: /Users/chadcrawford/forge/projects/APE/dashboards/withings_body_composition.html
[06:30:06] ped: render from template
  ped.html written (demo seed)
[06:30:06] research: sync opt-in last30days briefs
[06:30:06]   research: publish/ empty — nothing published
[06:30:06] git: commit + push
To https://github.com/Calabasse/dash.git
   59212f9..6b09c61  main -> main
[06:30:20] deployed.
[06:30:04] prescription config synced to engine
[06:30:04] training: skipping VOLM sync (no --sync) — republishing last data
[06:30:04] training: build card data
wrote /Users/chadcrawford/knowledge/CHAD_OS/tools/workout-card.data.js — 4 sessions
  2026-07-25  Day C  DAY C — DELTS / ABS (3-4 days)  (6 ex)
  2026-07-21  Day B  DAY B - CHEST / TRICEPS  (5 days)  (7 ex)
  2026-07-20  Day A  DAY A — BACK / BICEPS (4-5 days)  (6 ex)
  2026-07-19  Day C  DAY C — DELTS / ABS (3-4 days)  (6 ex)
[06:30:05] training: cache-busted workout.html (v=20260806063005)
[06:30:05] weight: refresh withings
→ Using data: /Users/chadcrawford/knowledge/CHAD_OS/raw/withings/2026-08-04/withings-8882eec2d0faad3a.json (fetched 2026-08-04)
→ Regenerating dashboard...
Dashboard written → /Users/chadcrawford/forge/projects/APE/dashboards/withings_body_composition.html
✓ Dashboard: /Users/chadcrawford/forge/projects/APE/dashboards/withings_body_composition.html
[06:30:05] ped: render from template
  ped.html written (demo seed)
[06:30:05] research: sync opt-in last30days briefs
[06:30:05]   research: publish/ empty — nothing published
[06:30:05] git: commit + push
To https://github.com/Calabasse/dash.git
   6b09c61..413d359  main -> main
[06:30:19] deployed.
[06:30:04] prescription config synced to engine
[06:30:04] training: skipping VOLM sync (no --sync) — republishing last data
[06:30:04] training: build card data
wrote /Users/chadcrawford/knowledge/CHAD_OS/tools/workout-card.data.js — 4 sessions
  2026-07-25  Day C  DAY C — DELTS / ABS (3-4 days)  (6 ex)
  2026-07-21  Day B  DAY B - CHEST / TRICEPS  (5 days)  (7 ex)
  2026-07-20  Day A  DAY A — BACK / BICEPS (4-5 days)  (6 ex)
  2026-07-19  Day C  DAY C — DELTS / ABS (3-4 days)  (6 ex)
[06:30:05] training: cache-busted workout.html (v=20260807063005)
[06:30:05] weight: refresh withings
→ Using data: /Users/chadcrawford/knowledge/CHAD_OS/raw/withings/2026-08-04/withings-8882eec2d0faad3a.json (fetched 2026-08-04)
→ Regenerating dashboard...
Dashboard written → /Users/chadcrawford/forge/projects/APE/dashboards/withings_body_composition.html
✓ Dashboard: /Users/chadcrawford/forge/projects/APE/dashboards/withings_body_composition.html
[06:30:05] ped: render from template
  ped.html written (demo seed)
[06:30:05] research: sync opt-in last30days briefs
[06:30:05]   research: publish/ empty — nothing published
[06:30:05] git: commit + push
To https://github.com/Calabasse/dash.git
   413d359..209e668  main -> main
[06:30:39] deployed.
[06:30:02] prescription config synced to engine
[06:30:02] training: VOLM sync (--sync given)
list_workouts offset=0 attempt 1/3 failed: Client error '401 Unauthorized' for url 'https://api.volm.app/v1/workouts?limit=50&offset=0'
For more information check: https://developer.mozilla.org/en-US/docs/Web/HTTP/Status/401
list_workouts offset=0 attempt 2/3 failed: Client error '401 Unauthorized' for url 'https://api.volm.app/v1/workouts?limit=50&offset=0'
For more information check: https://developer.mozilla.org/en-US/docs/Web/HTTP/Status/401
list_workouts offset=0 attempt 3/3 failed: Client error '401 Unauthorized' for url 'https://api.volm.app/v1/workouts?limit=50&offset=0'
For more information check: https://developer.mozilla.org/en-US/docs/Web/HTTP/Status/401
Step 1 FAILED
Traceback (most recent call last):
  File "/Users/chadcrawford/forge/projects/APE/app/api/routes/sync.py", line 75, in run_sync
    _call_first_available(
  File "/Users/chadcrawford/forge/projects/APE/app/api/routes/sync.py", line 40, in _call_first_available
    return fn()
           ^^^^
  File "/Users/chadcrawford/forge/projects/APE/app/services/sync/sync_workouts.py", line 72, in sync_workouts
    raise RuntimeError("Sync aborted — API list failure")
RuntimeError: Sync aborted — API list failure
Traceback (most recent call last):
  File "/Users/chadcrawford/forge/projects/APE/app/api/routes/sync.py", line 75, in run_sync
    _call_first_available(
  File "/Users/chadcrawford/forge/projects/APE/app/api/routes/sync.py", line 40, in _call_first_available
    return fn()
           ^^^^
  File "/Users/chadcrawford/forge/projects/APE/app/services/sync/sync_workouts.py", line 72, in sync_workouts
    raise RuntimeError("Sync aborted — API list failure")
RuntimeError: Sync aborted — API list failure

The above exception was the direct cause of the following exception:

Traceback (most recent call last):
  File "<string>", line 1, in <module>
  File "/Users/chadcrawford/forge/projects/APE/app/api/routes/sync.py", line 85, in run_sync
    raise HTTPException(
fastapi.exceptions.HTTPException: 500: {'status': 'error', 'stage': 'sync', 'message': 'Sync aborted — API list failure'}
🚨 NORMALIZE FILE EXECUTING 🚨
SYNC START
[06:30:18]   sync failed (rate limit / offline) — keeping last data
[06:30:18] training: build card data
wrote /Users/chadcrawford/knowledge/CHAD_OS/tools/workout-card.data.js — 4 sessions
  2026-08-07  Day B  DAY B - CHEST / TRICEPS  (5 days)  (7 ex)
  2026-08-06  Day A  DAY A — BACK / BICEPS (4-5 days)  (8 ex)
  2026-08-04  Day C  DAY C — DELTS / ABS (3-4 days)  (6 ex)
  2026-08-02  Day B  DAY B - CHEST / TRICEPS  (5 days)  (7 ex)
[06:30:18] training: cache-busted workout.html (v=20260808063018)
[06:30:18] weight: refresh withings
→ Fetching Withings data...
withings  mode=live    rows=999  ok
  ✓ Fetch complete
→ Using data: /Users/chadcrawford/knowledge/CHAD_OS/raw/withings/2026-08-08/withings-37f65e8f9dcd221a.json (fetched 2026-08-08)
→ Regenerating dashboard...
Dashboard written → /Users/chadcrawford/forge/projects/APE/dashboards/withings_body_composition.html
✓ Dashboard: /Users/chadcrawford/forge/projects/APE/dashboards/withings_body_composition.html
[06:30:26] ped: render from template
  ped.html written (demo seed)
[06:30:26] research: sync opt-in last30days briefs
[06:30:26]   research: publish/ empty — nothing published
[06:30:26] git: commit + push
To https://github.com/Calabasse/dash.git
   84dbc17..e591c2a  main -> main
[06:30:46] deployed.
[06:30:01] prescription config synced to engine
[06:30:01] training: VOLM sync (--sync given)
list_workouts offset=0 attempt 1/3 failed: [Errno 8] nodename nor servname provided, or not known
list_workouts offset=0 attempt 2/3 failed: [Errno 8] nodename nor servname provided, or not known
list_workouts offset=0 attempt 3/3 failed: [Errno 8] nodename nor servname provided, or not known
Step 1 FAILED
Traceback (most recent call last):
  File "/Users/chadcrawford/forge/projects/APE/app/api/routes/sync.py", line 75, in run_sync
    _call_first_available(
  File "/Users/chadcrawford/forge/projects/APE/app/api/routes/sync.py", line 40, in _call_first_available
    return fn()
           ^^^^
  File "/Users/chadcrawford/forge/projects/APE/app/services/sync/sync_workouts.py", line 72, in sync_workouts
    raise RuntimeError("Sync aborted — API list failure")
RuntimeError: Sync aborted — API list failure
Traceback (most recent call last):
  File "/Users/chadcrawford/forge/projects/APE/app/api/routes/sync.py", line 75, in run_sync
    _call_first_available(
  File "/Users/chadcrawford/forge/projects/APE/app/api/routes/sync.py", line 40, in _call_first_available
    return fn()
           ^^^^
  File "/Users/chadcrawford/forge/projects/APE/app/services/sync/sync_workouts.py", line 72, in sync_workouts
    raise RuntimeError("Sync aborted — API list failure")
RuntimeError: Sync aborted — API list failure

The above exception was the direct cause of the following exception:

Traceback (most recent call last):
  File "<string>", line 1, in <module>
  File "/Users/chadcrawford/forge/projects/APE/app/api/routes/sync.py", line 85, in run_sync
    raise HTTPException(
fastapi.exceptions.HTTPException: 500: {'status': 'error', 'stage': 'sync', 'message': 'Sync aborted — API list failure'}
🚨 NORMALIZE FILE EXECUTING 🚨
SYNC START
[06:30:11]   sync failed (rate limit / offline) — keeping last data
[06:30:11] training: build card data
wrote /Users/chadcrawford/knowledge/CHAD_OS/tools/workout-card.data.js — 4 sessions
  2026-08-08  Day C  DAY C — DELTS / ABS (3-4 days)  (6 ex)
  2026-08-07  Day B  DAY B - CHEST / TRICEPS  (5 days)  (7 ex)
  2026-08-06  Day A  DAY A — BACK / BICEPS (4-5 days)  (8 ex)
  2026-08-04  Day C  DAY C — DELTS / ABS (3-4 days)  (6 ex)
[06:30:12] training: cache-busted workout.html (v=20260809063012)
[06:30:12] weight: refresh withings
→ Fetching Withings data...
withings  ERROR: URLError: <urlopen error [Errno 8] nodename nor servname provided, or not known>
[06:30:13]   withings refresh failed — keeping last weight.html
[06:30:13] ped: render from template
  ped.html written (demo seed)
[06:30:13] research: sync opt-in last30days briefs
[06:30:13]   research: publish/ empty — nothing published
[06:30:13] git: commit + push
fatal: unable to access 'https://github.com/Calabasse/dash.git/': Could not resolve host: github.com
[06:30:13]   push failed — commit is local
[06:30:04] prescription config synced to engine
[06:30:04] training: VOLM sync (--sync given)
list_workouts offset=50 attempt 1/3 failed: Client error '401 Unauthorized' for url 'https://api.volm.app/v1/workouts?limit=50&offset=50'
For more information check: https://developer.mozilla.org/en-US/docs/Web/HTTP/Status/401
list_workouts offset=50 attempt 2/3 failed: Client error '401 Unauthorized' for url 'https://api.volm.app/v1/workouts?limit=50&offset=50'
For more information check: https://developer.mozilla.org/en-US/docs/Web/HTTP/Status/401
list_workouts offset=50 attempt 3/3 failed: Client error '401 Unauthorized' for url 'https://api.volm.app/v1/workouts?limit=50&offset=50'
For more information check: https://developer.mozilla.org/en-US/docs/Web/HTTP/Status/401
TRANSACTION FAILED — ROLLBACK
Traceback (most recent call last):
  File "/Users/chadcrawford/forge/projects/APE/app/api/routes/sync.py", line 118, in run_sync
    _call_first_available(
  File "/Users/chadcrawford/forge/projects/APE/app/api/routes/sync.py", line 38, in _call_first_available
    return fn(conn=conn)
           ^^^^^^^^^^^^^
  File "/Users/chadcrawford/forge/projects/APE/app/services/recommendations/recommendations.py", line 172, in generate_recommendations
    conn.execute(
_duckdb.ConversionException: Conversion Error: Could not convert string 'medium' to DOUBLE
Traceback (most recent call last):
  File "/Users/chadcrawford/forge/projects/APE/app/api/routes/sync.py", line 118, in run_sync
    _call_first_available(
  File "/Users/chadcrawford/forge/projects/APE/app/api/routes/sync.py", line 38, in _call_first_available
    return fn(conn=conn)
           ^^^^^^^^^^^^^
  File "/Users/chadcrawford/forge/projects/APE/app/services/recommendations/recommendations.py", line 172, in generate_recommendations
    conn.execute(
_duckdb.ConversionException: Conversion Error: Could not convert string 'medium' to DOUBLE

The above exception was the direct cause of the following exception:

Traceback (most recent call last):
  File "<string>", line 1, in <module>
  File "/Users/chadcrawford/forge/projects/APE/app/api/routes/sync.py", line 135, in run_sync
    raise HTTPException(
fastapi.exceptions.HTTPException: 500: {'status': 'error', 'stage': 'transaction', 'message': "Conversion Error: Could not convert string 'medium' to DOUBLE"}
🚨 NORMALIZE FILE EXECUTING 🚨
SYNC START
Fetched 50 workout headers (offset=0)
list failed at offset=50 after retries — keeping 50 stored

SYNC COMPLETE
Headers processed: 50
Detailed workouts stored: 50
Skipped: 0
DEBUG raw_workouts rows: 74
DEBUG sets for ci-fixture-session-001: 4
DEBUG sets for ci-fixture-session-002: 4
DEBUG sets for ci-fixture-session-003: 4
DEBUG sets for 689f99cb-f857-4835-b125-7bc8309d70c2: 14
DEBUG sets for fb197f96-f07c-4473-b48d-5ae2fcfe44d1: 16
DEBUG sets for 44b5a1d1-d690-410b-8c85-2445cb04e443: 18
DEBUG sets for 1154b180-1895-475f-a549-15d0dac5e309: 17
DEBUG sets for 7ef91b05-30c5-4d3f-a71f-80dd66be9be7: 16
DEBUG sets for 4d36dc80-f523-481c-886a-2d82a98d32b2: 17
DEBUG sets for 16f1a287-f1b5-4b3f-88ca-778142aa9650: 18
DEBUG sets for 4cfe1f5c-4c9c-4415-a79a-57e0c77a24f5: 19
DEBUG sets for 3229684f-828b-4584-9b7e-3020b2a7c043: 17
DEBUG sets for ef4d0610-1f28-4135-8e4a-b1095198556f: 18
DEBUG sets for f38ab2e9-9082-460a-8af0-cea0d72c4d83: 17
DEBUG sets for 9c6775b1-d2dc-4d61-acff-d03e14852e51: 18
DEBUG sets for e16dde1e-59a4-4f0b-a483-e21d93469c39: 17
DEBUG sets for 5cf7dcae-9081-40c0-9b90-6079ce6e0269: 17
DEBUG sets for 11f67b61-0ba1-4126-8f33-373985df3c18: 18
DEBUG sets for 4bd39b30-ba8e-4a16-a03b-907389d63c79: 15
DEBUG sets for 284daffc-ce5f-4e66-b3b5-c7fd305bf254: 14
DEBUG sets for 5f6a3adf-ec90-40fd-b4d9-85d8d3d26075: 14
DEBUG sets for ccbad86b-f23d-4d0c-888e-58a8b744c780: 9
DEBUG sets for f059bbee-6134-4d82-9d54-1465e5fa4e97: 18
DEBUG sets for e60a3278-8327-418a-aabe-95ea884a6904: 12
DEBUG sets for 7fe9abef-24e5-4622-9f61-473bb8ae9e64: 20
DEBUG sets for 08281521-4301-4e9f-a87c-66239a23ca27: 23
DEBUG sets for b94c8f20-783f-459f-a7b8-de3d6aa12f4e: 25
DEBUG sets for 716c7d04-94d1-4009-a62b-514f2a228dbc: 21
DEBUG sets for 3226c4ae-fc59-404a-8d28-2a6cf4de09e5: 23
DEBUG sets for 552fcbb2-d6ea-477b-bada-fd2a6a8c2946: 24
DEBUG sets for c4994788-2c8c-4fdb-8220-2bbd54ad696f: 21
DEBUG sets for 57e204c2-3cd9-433c-b8e0-e446777e5450: 22
DEBUG sets for 70b9c6ee-293e-4eba-9421-ca3002988cd8: 24
DEBUG sets for 83713f49-b352-4815-baf4-0a7f4bba0aa3: 20
DEBUG sets for c8825d20-c30f-43d6-a5fd-29103e166001: 21
DEBUG sets for 3c08afdb-62a6-42ed-b41c-79e3df8b43a9: 18
DEBUG sets for d23c4815-40b8-457f-ad27-154f817249fd: 19
DEBUG sets for c8dbc020-24f0-463c-9d8f-a3ad0011fbcf: 22
DEBUG sets for b3d2830d-353e-4574-a55f-73a81a60c08e: 24
DEBUG sets for d9d3df7f-61ee-4935-a2ff-725ab50c3ac3: 22
DEBUG sets for 85494f00-ea62-4777-9c24-294f5ffba9c6: 22
DEBUG sets for a7da514e-701c-452a-bb48-635c0029210c: 24
DEBUG sets for fb328d28-4241-4b0f-8093-2880d2596144: 22
DEBUG sets for 92b58215-da42-4ede-87f7-eb3b3fc8179e: 22
DEBUG sets for b02a6891-b7c4-44e0-848b-d3fe5415f6d8: 24
DEBUG sets for 71476de7-9496-4a51-b038-ab3b8bc1e9d0: 22
DEBUG sets for c92add48-4b0e-4efa-90e2-e8f76bedb44a: 22
DEBUG sets for 5f5ceb0b-a13a-4c18-8a1b-3261b2dea227: 25
DEBUG sets for 6e9e2e4a-9ab2-4bba-aeb7-b5e2743d7382: 17
DEBUG sets for da6e2a1a-641f-4ac3-b15f-c3f5394e2af2: 24
DEBUG sets for f5d9ff2e-8e09-4348-997f-33cd35f6d700: 21
DEBUG sets for 310eae85-d153-45b1-b94c-3d760d551066: 17
DEBUG sets for 2ab17bc5-7df9-4c06-9d71-94cc215be33f: 20
DEBUG sets for d2190a88-cd56-4078-9213-2bbd461f8723: 21
DEBUG sets for c6dc4666-b5d5-4ff1-a896-db24b0e306d7: 17
DEBUG sets for 0eb5c728-9005-4f03-b809-86ad0502143e: 17
DEBUG sets for bd9e9261-32d6-4044-bcd1-7fc077c967c9: 18
DEBUG sets for 04ed67f0-e590-4ece-9f9b-0c708c9ffa12: 17
DEBUG sets for e1f71f9e-305f-4d94-82a7-3da4cf61e764: 18
DEBUG sets for c0df82a8-58c4-4b9d-88f0-751660f681a3: 18
DEBUG sets for 91af8e20-16ca-47db-a7fb-e893c7187355: 17
DEBUG sets for 3d2413fc-a2be-4c45-944a-cdcdc355292b: 16
DEBUG sets for 07b7c16e-8d6b-4940-9aa6-39c7d5daac56: 16
DEBUG sets for 412904c9-0b8d-4670-b885-04184be3b209: 18
DEBUG sets for 8a8d60a3-233b-4182-be57-93d34c6fc770: 17
DEBUG sets for fdc4c4db-2b22-4f26-87af-38350f996ef2: 16
DEBUG sets for 123e3722-a86a-4a77-ab92-74824dcbf2ff: 15
DEBUG sets for 6df0ab57-8f48-4f2e-a327-031a3a1932b3: 16
DEBUG sets for c10d7907-34e6-4eea-8f47-67c79d3ec736: 16
DEBUG sets for fe486b1b-b87e-41c1-8c50-8216bfd2ad1f: 14
DEBUG sets for 298ab704-612b-4cb8-a777-177217cf0ecf: 16
DEBUG sets for 7b31a045-fbcf-4875-9e0a-297e38c75885: 16
DEBUG sets for d8e77143-ba07-49d1-a102-46fda48b2dd1: 16
DEBUG sets for d764d3ea-3ea5-405c-a904-17ff28021091: 18
✅ normalize complete — sessions: 74, sets: 1335
[06:30:21]   sync failed (rate limit / offline) — keeping last data
[06:30:21] training: build card data
wrote /Users/chadcrawford/knowledge/CHAD_OS/tools/workout-card.data.js — 4 sessions
  2026-08-08  Day C  DAY C — DELTS / ABS (3-4 days)  (6 ex)
  2026-08-07  Day B  DAY B - CHEST / TRICEPS  (5 days)  (7 ex)
  2026-08-06  Day A  DAY A — BACK / BICEPS (4-5 days)  (8 ex)
  2026-08-04  Day C  DAY C — DELTS / ABS (3-4 days)  (6 ex)
[06:30:21] training: cache-busted workout.html (v=20260810063021)
[06:30:21] weight: refresh withings
→ Fetching Withings data...
withings  mode=live    rows=999  ok
  ✓ Fetch complete
→ Using data: /Users/chadcrawford/knowledge/CHAD_OS/raw/withings/2026-08-10/withings-37f65e8f9dcd221a.json (fetched 2026-08-10)
→ Regenerating dashboard...
Dashboard written → /Users/chadcrawford/forge/projects/APE/dashboards/withings_body_composition.html
✓ Dashboard: /Users/chadcrawford/forge/projects/APE/dashboards/withings_body_composition.html
[06:30:27] ped: render from template
  ped.html written (demo seed)
[06:30:27] research: sync opt-in last30days briefs
[06:30:27]   research: publish/ empty — nothing published
[06:30:27] git: commit + push
To https://github.com/Calabasse/dash.git
   c0bd07b..d4fddd0  main -> main
[06:30:32] deployed.
[06:30:05] prescription config synced to engine
[06:30:05] training: VOLM sync (--sync given)
TRANSACTION FAILED — ROLLBACK
Traceback (most recent call last):
  File "/Users/chadcrawford/forge/projects/APE/app/api/routes/sync.py", line 118, in run_sync
    _call_first_available(
  File "/Users/chadcrawford/forge/projects/APE/app/api/routes/sync.py", line 38, in _call_first_available
    return fn(conn=conn)
           ^^^^^^^^^^^^^
  File "/Users/chadcrawford/forge/projects/APE/app/services/recommendations/recommendations.py", line 172, in generate_recommendations
    conn.execute(
_duckdb.ConversionException: Conversion Error: Could not convert string 'medium' to DOUBLE
Traceback (most recent call last):
  File "/Users/chadcrawford/forge/projects/APE/app/api/routes/sync.py", line 118, in run_sync
    _call_first_available(
  File "/Users/chadcrawford/forge/projects/APE/app/api/routes/sync.py", line 38, in _call_first_available
    return fn(conn=conn)
           ^^^^^^^^^^^^^
  File "/Users/chadcrawford/forge/projects/APE/app/services/recommendations/recommendations.py", line 172, in generate_recommendations
    conn.execute(
_duckdb.ConversionException: Conversion Error: Could not convert string 'medium' to DOUBLE

The above exception was the direct cause of the following exception:

Traceback (most recent call last):
  File "<string>", line 1, in <module>
  File "/Users/chadcrawford/forge/projects/APE/app/api/routes/sync.py", line 135, in run_sync
    raise HTTPException(
fastapi.exceptions.HTTPException: 500: {'status': 'error', 'stage': 'transaction', 'message': "Conversion Error: Could not convert string 'medium' to DOUBLE"}
🚨 NORMALIZE FILE EXECUTING 🚨
SYNC START
Fetched 50 workout headers (offset=0)
Fetched 21 workout headers (offset=50)
No more workouts found. Ending sync.

SYNC COMPLETE
Headers processed: 71
Detailed workouts stored: 71
Skipped: 0
DEBUG raw_workouts rows: 74
DEBUG sets for ci-fixture-session-001: 4
DEBUG sets for ci-fixture-session-002: 4
DEBUG sets for ci-fixture-session-003: 4
DEBUG sets for 7fe9abef-24e5-4622-9f61-473bb8ae9e64: 20
DEBUG sets for 08281521-4301-4e9f-a87c-66239a23ca27: 23
DEBUG sets for b94c8f20-783f-459f-a7b8-de3d6aa12f4e: 25
DEBUG sets for 716c7d04-94d1-4009-a62b-514f2a228dbc: 21
DEBUG sets for 3226c4ae-fc59-404a-8d28-2a6cf4de09e5: 23
DEBUG sets for 552fcbb2-d6ea-477b-bada-fd2a6a8c2946: 24
DEBUG sets for c4994788-2c8c-4fdb-8220-2bbd54ad696f: 21
DEBUG sets for 57e204c2-3cd9-433c-b8e0-e446777e5450: 22
DEBUG sets for 70b9c6ee-293e-4eba-9421-ca3002988cd8: 24
DEBUG sets for 83713f49-b352-4815-baf4-0a7f4bba0aa3: 20
DEBUG sets for c8825d20-c30f-43d6-a5fd-29103e166001: 21
DEBUG sets for 3c08afdb-62a6-42ed-b41c-79e3df8b43a9: 18
DEBUG sets for d23c4815-40b8-457f-ad27-154f817249fd: 19
DEBUG sets for c8dbc020-24f0-463c-9d8f-a3ad0011fbcf: 22
DEBUG sets for b3d2830d-353e-4574-a55f-73a81a60c08e: 24
DEBUG sets for d9d3df7f-61ee-4935-a2ff-725ab50c3ac3: 22
DEBUG sets for 85494f00-ea62-4777-9c24-294f5ffba9c6: 22
DEBUG sets for a7da514e-701c-452a-bb48-635c0029210c: 24
DEBUG sets for fb328d28-4241-4b0f-8093-2880d2596144: 22
DEBUG sets for 92b58215-da42-4ede-87f7-eb3b3fc8179e: 22
DEBUG sets for b02a6891-b7c4-44e0-848b-d3fe5415f6d8: 24
DEBUG sets for 71476de7-9496-4a51-b038-ab3b8bc1e9d0: 22
DEBUG sets for c92add48-4b0e-4efa-90e2-e8f76bedb44a: 22
DEBUG sets for 5f5ceb0b-a13a-4c18-8a1b-3261b2dea227: 25
DEBUG sets for 6e9e2e4a-9ab2-4bba-aeb7-b5e2743d7382: 17
DEBUG sets for da6e2a1a-641f-4ac3-b15f-c3f5394e2af2: 24
DEBUG sets for f5d9ff2e-8e09-4348-997f-33cd35f6d700: 21
DEBUG sets for 310eae85-d153-45b1-b94c-3d760d551066: 17
DEBUG sets for 2ab17bc5-7df9-4c06-9d71-94cc215be33f: 20
DEBUG sets for d2190a88-cd56-4078-9213-2bbd461f8723: 21
DEBUG sets for c6dc4666-b5d5-4ff1-a896-db24b0e306d7: 17
DEBUG sets for 0eb5c728-9005-4f03-b809-86ad0502143e: 17
DEBUG sets for bd9e9261-32d6-4044-bcd1-7fc077c967c9: 18
DEBUG sets for 04ed67f0-e590-4ece-9f9b-0c708c9ffa12: 17
DEBUG sets for e1f71f9e-305f-4d94-82a7-3da4cf61e764: 18
DEBUG sets for c0df82a8-58c4-4b9d-88f0-751660f681a3: 18
DEBUG sets for 91af8e20-16ca-47db-a7fb-e893c7187355: 17
DEBUG sets for 3d2413fc-a2be-4c45-944a-cdcdc355292b: 16
DEBUG sets for 07b7c16e-8d6b-4940-9aa6-39c7d5daac56: 16
DEBUG sets for 412904c9-0b8d-4670-b885-04184be3b209: 18
DEBUG sets for 8a8d60a3-233b-4182-be57-93d34c6fc770: 17
DEBUG sets for fdc4c4db-2b22-4f26-87af-38350f996ef2: 16
DEBUG sets for 123e3722-a86a-4a77-ab92-74824dcbf2ff: 15
DEBUG sets for 6df0ab57-8f48-4f2e-a327-031a3a1932b3: 16
DEBUG sets for c10d7907-34e6-4eea-8f47-67c79d3ec736: 16
DEBUG sets for fe486b1b-b87e-41c1-8c50-8216bfd2ad1f: 14
DEBUG sets for 298ab704-612b-4cb8-a777-177217cf0ecf: 16
DEBUG sets for 7b31a045-fbcf-4875-9e0a-297e38c75885: 16
DEBUG sets for d8e77143-ba07-49d1-a102-46fda48b2dd1: 16
DEBUG sets for d764d3ea-3ea5-405c-a904-17ff28021091: 18
DEBUG sets for 689f99cb-f857-4835-b125-7bc8309d70c2: 14
DEBUG sets for fb197f96-f07c-4473-b48d-5ae2fcfe44d1: 16
DEBUG sets for 44b5a1d1-d690-410b-8c85-2445cb04e443: 18
DEBUG sets for 1154b180-1895-475f-a549-15d0dac5e309: 17
DEBUG sets for 7ef91b05-30c5-4d3f-a71f-80dd66be9be7: 16
DEBUG sets for 4d36dc80-f523-481c-886a-2d82a98d32b2: 17
DEBUG sets for 16f1a287-f1b5-4b3f-88ca-778142aa9650: 18
DEBUG sets for 4cfe1f5c-4c9c-4415-a79a-57e0c77a24f5: 19
DEBUG sets for 3229684f-828b-4584-9b7e-3020b2a7c043: 17
DEBUG sets for ef4d0610-1f28-4135-8e4a-b1095198556f: 18
DEBUG sets for f38ab2e9-9082-460a-8af0-cea0d72c4d83: 17
DEBUG sets for 9c6775b1-d2dc-4d61-acff-d03e14852e51: 18
DEBUG sets for e16dde1e-59a4-4f0b-a483-e21d93469c39: 17
DEBUG sets for 5cf7dcae-9081-40c0-9b90-6079ce6e0269: 17
DEBUG sets for 11f67b61-0ba1-4126-8f33-373985df3c18: 18
DEBUG sets for 4bd39b30-ba8e-4a16-a03b-907389d63c79: 15
DEBUG sets for 284daffc-ce5f-4e66-b3b5-c7fd305bf254: 14
DEBUG sets for 5f6a3adf-ec90-40fd-b4d9-85d8d3d26075: 14
DEBUG sets for ccbad86b-f23d-4d0c-888e-58a8b744c780: 9
DEBUG sets for f059bbee-6134-4d82-9d54-1465e5fa4e97: 18
DEBUG sets for e60a3278-8327-418a-aabe-95ea884a6904: 12
✅ normalize complete — sessions: 74, sets: 1335
[06:30:13]   sync failed (rate limit / offline) — keeping last data
[06:30:13] training: build card data
wrote /Users/chadcrawford/knowledge/CHAD_OS/tools/workout-card.data.js — 4 sessions
  2026-08-08  Day C  DAY C — DELTS / ABS (3-4 days)  (6 ex)
  2026-08-07  Day B  DAY B - CHEST / TRICEPS  (5 days)  (7 ex)
  2026-08-06  Day A  DAY A — BACK / BICEPS (4-5 days)  (8 ex)
  2026-08-04  Day C  DAY C — DELTS / ABS (3-4 days)  (6 ex)
[06:30:13] training: cache-busted workout.html (v=20260811063013)
[06:30:13] weight: refresh withings
→ Fetching Withings data...
withings  mode=live    rows=999  ok
  ✓ Fetch complete
→ Using data: /Users/chadcrawford/knowledge/CHAD_OS/raw/withings/2026-08-11/withings-37f65e8f9dcd221a.json (fetched 2026-08-11)
→ Regenerating dashboard...
Dashboard written → /Users/chadcrawford/forge/projects/APE/dashboards/withings_body_composition.html
✓ Dashboard: /Users/chadcrawford/forge/projects/APE/dashboards/withings_body_composition.html
[06:30:20] ped: render from template
  ped.html written (demo seed)
[06:30:20] research: sync opt-in last30days briefs
[06:30:20]   research: publish/ empty — nothing published
[06:30:20] git: commit + push
To https://github.com/Calabasse/dash.git
   d4fddd0..748a0a5  main -> main
[06:30:25] deployed.
[06:30:03] prescription config synced to engine
[06:30:03] training: VOLM sync (--sync given)
list_workouts offset=0 attempt 1/3 failed: [Errno 8] nodename nor servname provided, or not known
list_workouts offset=0 attempt 2/3 failed: [Errno 8] nodename nor servname provided, or not known
TRANSACTION FAILED — ROLLBACK
Traceback (most recent call last):
  File "/Users/chadcrawford/forge/projects/APE/app/api/routes/sync.py", line 118, in run_sync
    _call_first_available(
  File "/Users/chadcrawford/forge/projects/APE/app/api/routes/sync.py", line 38, in _call_first_available
    return fn(conn=conn)
           ^^^^^^^^^^^^^
  File "/Users/chadcrawford/forge/projects/APE/app/services/recommendations/recommendations.py", line 172, in generate_recommendations
    conn.execute(
_duckdb.ConversionException: Conversion Error: Could not convert string 'medium' to DOUBLE
Traceback (most recent call last):
  File "/Users/chadcrawford/forge/projects/APE/app/api/routes/sync.py", line 118, in run_sync
    _call_first_available(
  File "/Users/chadcrawford/forge/projects/APE/app/api/routes/sync.py", line 38, in _call_first_available
    return fn(conn=conn)
           ^^^^^^^^^^^^^
  File "/Users/chadcrawford/forge/projects/APE/app/services/recommendations/recommendations.py", line 172, in generate_recommendations
    conn.execute(
_duckdb.ConversionException: Conversion Error: Could not convert string 'medium' to DOUBLE

The above exception was the direct cause of the following exception:

Traceback (most recent call last):
  File "<string>", line 1, in <module>
  File "/Users/chadcrawford/forge/projects/APE/app/api/routes/sync.py", line 135, in run_sync
    raise HTTPException(
fastapi.exceptions.HTTPException: 500: {'status': 'error', 'stage': 'transaction', 'message': "Conversion Error: Could not convert string 'medium' to DOUBLE"}
🚨 NORMALIZE FILE EXECUTING 🚨
SYNC START
Fetched 50 workout headers (offset=0)
Fetched 21 workout headers (offset=50)
No more workouts found. Ending sync.

SYNC COMPLETE
Headers processed: 71
Detailed workouts stored: 71
Skipped: 0
DEBUG raw_workouts rows: 74
DEBUG sets for ci-fixture-session-001: 4
DEBUG sets for ci-fixture-session-002: 4
DEBUG sets for ci-fixture-session-003: 4
DEBUG sets for 7fe9abef-24e5-4622-9f61-473bb8ae9e64: 20
DEBUG sets for 08281521-4301-4e9f-a87c-66239a23ca27: 23
DEBUG sets for b94c8f20-783f-459f-a7b8-de3d6aa12f4e: 25
DEBUG sets for 716c7d04-94d1-4009-a62b-514f2a228dbc: 21
DEBUG sets for 3226c4ae-fc59-404a-8d28-2a6cf4de09e5: 23
DEBUG sets for 552fcbb2-d6ea-477b-bada-fd2a6a8c2946: 24
DEBUG sets for c4994788-2c8c-4fdb-8220-2bbd54ad696f: 21
DEBUG sets for 57e204c2-3cd9-433c-b8e0-e446777e5450: 22
DEBUG sets for 70b9c6ee-293e-4eba-9421-ca3002988cd8: 24
DEBUG sets for 83713f49-b352-4815-baf4-0a7f4bba0aa3: 20
DEBUG sets for c8825d20-c30f-43d6-a5fd-29103e166001: 21
DEBUG sets for 3c08afdb-62a6-42ed-b41c-79e3df8b43a9: 18
DEBUG sets for d23c4815-40b8-457f-ad27-154f817249fd: 19
DEBUG sets for c8dbc020-24f0-463c-9d8f-a3ad0011fbcf: 22
DEBUG sets for b3d2830d-353e-4574-a55f-73a81a60c08e: 24
DEBUG sets for d9d3df7f-61ee-4935-a2ff-725ab50c3ac3: 22
DEBUG sets for 85494f00-ea62-4777-9c24-294f5ffba9c6: 22
DEBUG sets for a7da514e-701c-452a-bb48-635c0029210c: 24
DEBUG sets for fb328d28-4241-4b0f-8093-2880d2596144: 22
DEBUG sets for 92b58215-da42-4ede-87f7-eb3b3fc8179e: 22
DEBUG sets for b02a6891-b7c4-44e0-848b-d3fe5415f6d8: 24
DEBUG sets for 71476de7-9496-4a51-b038-ab3b8bc1e9d0: 22
DEBUG sets for c92add48-4b0e-4efa-90e2-e8f76bedb44a: 22
DEBUG sets for 5f5ceb0b-a13a-4c18-8a1b-3261b2dea227: 25
DEBUG sets for 6e9e2e4a-9ab2-4bba-aeb7-b5e2743d7382: 17
DEBUG sets for da6e2a1a-641f-4ac3-b15f-c3f5394e2af2: 24
DEBUG sets for f5d9ff2e-8e09-4348-997f-33cd35f6d700: 21
DEBUG sets for 310eae85-d153-45b1-b94c-3d760d551066: 17
DEBUG sets for 2ab17bc5-7df9-4c06-9d71-94cc215be33f: 20
DEBUG sets for d2190a88-cd56-4078-9213-2bbd461f8723: 21
DEBUG sets for c6dc4666-b5d5-4ff1-a896-db24b0e306d7: 17
DEBUG sets for 0eb5c728-9005-4f03-b809-86ad0502143e: 17
DEBUG sets for bd9e9261-32d6-4044-bcd1-7fc077c967c9: 18
DEBUG sets for 04ed67f0-e590-4ece-9f9b-0c708c9ffa12: 17
DEBUG sets for e1f71f9e-305f-4d94-82a7-3da4cf61e764: 18
DEBUG sets for c0df82a8-58c4-4b9d-88f0-751660f681a3: 18
DEBUG sets for 91af8e20-16ca-47db-a7fb-e893c7187355: 17
DEBUG sets for 3d2413fc-a2be-4c45-944a-cdcdc355292b: 16
DEBUG sets for 07b7c16e-8d6b-4940-9aa6-39c7d5daac56: 16
DEBUG sets for 412904c9-0b8d-4670-b885-04184be3b209: 18
DEBUG sets for 8a8d60a3-233b-4182-be57-93d34c6fc770: 17
DEBUG sets for fdc4c4db-2b22-4f26-87af-38350f996ef2: 16
DEBUG sets for 123e3722-a86a-4a77-ab92-74824dcbf2ff: 15
DEBUG sets for 6df0ab57-8f48-4f2e-a327-031a3a1932b3: 16
DEBUG sets for c10d7907-34e6-4eea-8f47-67c79d3ec736: 16
DEBUG sets for fe486b1b-b87e-41c1-8c50-8216bfd2ad1f: 14
DEBUG sets for 298ab704-612b-4cb8-a777-177217cf0ecf: 16
DEBUG sets for 7b31a045-fbcf-4875-9e0a-297e38c75885: 16
DEBUG sets for d8e77143-ba07-49d1-a102-46fda48b2dd1: 16
DEBUG sets for d764d3ea-3ea5-405c-a904-17ff28021091: 18
DEBUG sets for 689f99cb-f857-4835-b125-7bc8309d70c2: 14
DEBUG sets for fb197f96-f07c-4473-b48d-5ae2fcfe44d1: 16
DEBUG sets for 44b5a1d1-d690-410b-8c85-2445cb04e443: 18
DEBUG sets for 1154b180-1895-475f-a549-15d0dac5e309: 17
DEBUG sets for 7ef91b05-30c5-4d3f-a71f-80dd66be9be7: 16
DEBUG sets for 4d36dc80-f523-481c-886a-2d82a98d32b2: 17
DEBUG sets for 16f1a287-f1b5-4b3f-88ca-778142aa9650: 18
DEBUG sets for 4cfe1f5c-4c9c-4415-a79a-57e0c77a24f5: 19
DEBUG sets for 3229684f-828b-4584-9b7e-3020b2a7c043: 17
DEBUG sets for ef4d0610-1f28-4135-8e4a-b1095198556f: 18
DEBUG sets for f38ab2e9-9082-460a-8af0-cea0d72c4d83: 17
DEBUG sets for 9c6775b1-d2dc-4d61-acff-d03e14852e51: 18
DEBUG sets for e16dde1e-59a4-4f0b-a483-e21d93469c39: 17
DEBUG sets for 5cf7dcae-9081-40c0-9b90-6079ce6e0269: 17
DEBUG sets for 11f67b61-0ba1-4126-8f33-373985df3c18: 18
DEBUG sets for 4bd39b30-ba8e-4a16-a03b-907389d63c79: 15
DEBUG sets for 284daffc-ce5f-4e66-b3b5-c7fd305bf254: 14
DEBUG sets for 5f6a3adf-ec90-40fd-b4d9-85d8d3d26075: 14
DEBUG sets for ccbad86b-f23d-4d0c-888e-58a8b744c780: 9
DEBUG sets for f059bbee-6134-4d82-9d54-1465e5fa4e97: 18
DEBUG sets for e60a3278-8327-418a-aabe-95ea884a6904: 12
✅ normalize complete — sessions: 74, sets: 1335
[06:30:21]   sync failed (rate limit / offline) — keeping last data
[06:30:21] training: build card data
wrote /Users/chadcrawford/knowledge/CHAD_OS/tools/workout-card.data.js — 4 sessions
  2026-08-08  Day C  DAY C — DELTS / ABS (3-4 days)  (6 ex)
  2026-08-07  Day B  DAY B - CHEST / TRICEPS  (5 days)  (7 ex)
  2026-08-06  Day A  DAY A — BACK / BICEPS (4-5 days)  (8 ex)
  2026-08-04  Day C  DAY C — DELTS / ABS (3-4 days)  (6 ex)
[06:30:21] training: cache-busted workout.html (v=20260812063021)
[06:30:21] weight: refresh withings
→ Fetching Withings data...
withings  mode=live    rows=999  ok
  ✓ Fetch complete
→ Using data: /Users/chadcrawford/knowledge/CHAD_OS/raw/withings/2026-08-12/withings-fc1e04e586c0647a.json (fetched 2026-08-12)
→ Regenerating dashboard...
Dashboard written → /Users/chadcrawford/forge/projects/APE/dashboards/withings_body_composition.html
✓ Dashboard: /Users/chadcrawford/forge/projects/APE/dashboards/withings_body_composition.html
[06:30:27] ped: render from template
  ped.html written (demo seed)
[06:30:28] research: sync opt-in last30days briefs
[06:30:28]   research: publish/ empty — nothing published
[06:30:28] git: commit + push
To https://github.com/Calabasse/dash.git
   bb19f12..6f66eb3  main -> main
[06:30:33] deployed.
[06:32:34] prescription config synced to engine
[06:32:34] training: VOLM sync (--sync given)
list_workouts offset=0 attempt 1/3 failed: [Errno 8] nodename nor servname provided, or not known
list_workouts offset=0 attempt 2/3 failed: [Errno 8] nodename nor servname provided, or not known
list_workouts offset=0 attempt 3/3 failed: [Errno 8] nodename nor servname provided, or not known
Step 1 FAILED
Traceback (most recent call last):
  File "/Users/chadcrawford/forge/projects/APE/app/api/routes/sync.py", line 75, in run_sync
    _call_first_available(
  File "/Users/chadcrawford/forge/projects/APE/app/api/routes/sync.py", line 40, in _call_first_available
    return fn()
           ^^^^
  File "/Users/chadcrawford/forge/projects/APE/app/services/sync/sync_workouts.py", line 72, in sync_workouts
    raise RuntimeError("Sync aborted — API list failure")
RuntimeError: Sync aborted — API list failure
Traceback (most recent call last):
  File "/Users/chadcrawford/forge/projects/APE/app/api/routes/sync.py", line 75, in run_sync
    _call_first_available(
  File "/Users/chadcrawford/forge/projects/APE/app/api/routes/sync.py", line 40, in _call_first_available
    return fn()
           ^^^^
  File "/Users/chadcrawford/forge/projects/APE/app/services/sync/sync_workouts.py", line 72, in sync_workouts
    raise RuntimeError("Sync aborted — API list failure")
RuntimeError: Sync aborted — API list failure

The above exception was the direct cause of the following exception:

Traceback (most recent call last):
  File "<string>", line 1, in <module>
  File "/Users/chadcrawford/forge/projects/APE/app/api/routes/sync.py", line 85, in run_sync
    raise HTTPException(
fastapi.exceptions.HTTPException: 500: {'status': 'error', 'stage': 'sync', 'message': 'Sync aborted — API list failure'}
🚨 NORMALIZE FILE EXECUTING 🚨
SYNC START
[06:32:45]   sync failed (rate limit / offline) — keeping last data
[06:32:45] training: build card data
wrote /Users/chadcrawford/knowledge/CHAD_OS/tools/workout-card.data.js — 4 sessions
  2026-08-08  Day C  DAY C — DELTS / ABS (3-4 days)  (6 ex)
  2026-08-07  Day B  DAY B - CHEST / TRICEPS  (5 days)  (7 ex)
  2026-08-06  Day A  DAY A — BACK / BICEPS (4-5 days)  (8 ex)
  2026-08-04  Day C  DAY C — DELTS / ABS (3-4 days)  (6 ex)
[06:32:46] training: cache-busted workout.html (v=20260813063246)
[06:32:46] training: cache-busted workout2.html (v=20260813063246)
[06:32:46] weight: refresh withings
→ Fetching Withings data...
withings  mode=live    rows=999  ok
  ✓ Fetch complete
→ Using data: /Users/chadcrawford/knowledge/CHAD_OS/raw/withings/2026-08-13/withings-7dc780ce19bc2ac1.json (fetched 2026-08-13)
→ Regenerating dashboard...
Dashboard written → /Users/chadcrawford/forge/projects/APE/dashboards/withings_body_composition.html
✓ Dashboard: /Users/chadcrawford/forge/projects/APE/dashboards/withings_body_composition.html
[06:32:56] ped: render from template
  ped.html written (demo seed)
[06:32:56] research: sync opt-in last30days briefs
[06:32:56]   research: publish/ empty — nothing published
[06:32:56] git: commit + push
To https://github.com/Calabasse/dash.git
   df303a0..1d488b5  main -> main
[06:33:01] deployed.
[06:32:00] prescription config synced to engine
[06:32:00] training: VOLM sync (--sync given)
list_workouts offset=0 attempt 1/3 failed: [Errno 8] nodename nor servname provided, or not known
list_workouts offset=0 attempt 2/3 failed: [Errno 8] nodename nor servname provided, or not known
list_workouts offset=0 attempt 3/3 failed: [Errno 8] nodename nor servname provided, or not known
Step 1 FAILED
Traceback (most recent call last):
  File "/Users/chadcrawford/forge/projects/APE/app/api/routes/sync.py", line 75, in run_sync
    _call_first_available(
  File "/Users/chadcrawford/forge/projects/APE/app/api/routes/sync.py", line 40, in _call_first_available
    return fn()
           ^^^^
  File "/Users/chadcrawford/forge/projects/APE/app/services/sync/sync_workouts.py", line 72, in sync_workouts
    raise RuntimeError("Sync aborted — API list failure")
RuntimeError: Sync aborted — API list failure
Traceback (most recent call last):
  File "/Users/chadcrawford/forge/projects/APE/app/api/routes/sync.py", line 75, in run_sync
    _call_first_available(
  File "/Users/chadcrawford/forge/projects/APE/app/api/routes/sync.py", line 40, in _call_first_available
    return fn()
           ^^^^
  File "/Users/chadcrawford/forge/projects/APE/app/services/sync/sync_workouts.py", line 72, in sync_workouts
    raise RuntimeError("Sync aborted — API list failure")
RuntimeError: Sync aborted — API list failure

The above exception was the direct cause of the following exception:

Traceback (most recent call last):
  File "<string>", line 1, in <module>
  File "/Users/chadcrawford/forge/projects/APE/app/api/routes/sync.py", line 85, in run_sync
    raise HTTPException(
fastapi.exceptions.HTTPException: 500: {'status': 'error', 'stage': 'sync', 'message': 'Sync aborted — API list failure'}
🚨 NORMALIZE FILE EXECUTING 🚨
SYNC START
[06:32:13]   sync failed (rate limit / offline) — keeping last data
[06:32:13] training: build card data
wrote /Users/chadcrawford/knowledge/CHAD_OS/tools/workout-card.data.js — 4 sessions
  2026-08-08  Day C  DAY C — DELTS / ABS (3-4 days)  (6 ex)
  2026-08-07  Day B  DAY B - CHEST / TRICEPS  (5 days)  (7 ex)
  2026-08-06  Day A  DAY A — BACK / BICEPS (4-5 days)  (8 ex)
  2026-08-04  Day C  DAY C — DELTS / ABS (3-4 days)  (6 ex)
[06:32:15] training: cache-busted workout.html (v=20260814063215)
[06:32:15] training: cache-busted workout2.html (v=20260814063215)
[06:32:15] weight: refresh withings
→ Fetching Withings data...
withings  ERROR: URLError: <urlopen error [Errno 8] nodename nor servname provided, or not known>
[06:32:16]   withings refresh failed — keeping last weight.html
[06:32:16] ped: render from template
  ped.html written (demo seed)
[06:32:16] research: sync opt-in last30days briefs
[06:32:16]   research: publish/ empty — nothing published
[06:32:16] git: commit + push
fatal: unable to access 'https://github.com/Calabasse/dash.git/': Could not resolve host: github.com
[06:32:16]   push failed — commit is local
[06:30:02] prescription config synced to engine
[06:30:02] training: VOLM sync (--sync given)
TRANSACTION FAILED — ROLLBACK
Traceback (most recent call last):
  File "/Users/chadcrawford/forge/projects/APE/app/api/routes/sync.py", line 118, in run_sync
    _call_first_available(
  File "/Users/chadcrawford/forge/projects/APE/app/api/routes/sync.py", line 38, in _call_first_available
    return fn(conn=conn)
           ^^^^^^^^^^^^^
  File "/Users/chadcrawford/forge/projects/APE/app/services/recommendations/recommendations.py", line 172, in generate_recommendations
    conn.execute(
_duckdb.ConversionException: Conversion Error: Could not convert string 'medium' to DOUBLE
Traceback (most recent call last):
  File "/Users/chadcrawford/forge/projects/APE/app/api/routes/sync.py", line 118, in run_sync
    _call_first_available(
  File "/Users/chadcrawford/forge/projects/APE/app/api/routes/sync.py", line 38, in _call_first_available
    return fn(conn=conn)
           ^^^^^^^^^^^^^
  File "/Users/chadcrawford/forge/projects/APE/app/services/recommendations/recommendations.py", line 172, in generate_recommendations
    conn.execute(
_duckdb.ConversionException: Conversion Error: Could not convert string 'medium' to DOUBLE

The above exception was the direct cause of the following exception:

Traceback (most recent call last):
  File "<string>", line 1, in <module>
  File "/Users/chadcrawford/forge/projects/APE/app/api/routes/sync.py", line 135, in run_sync
    raise HTTPException(
fastapi.exceptions.HTTPException: 500: {'status': 'error', 'stage': 'transaction', 'message': "Conversion Error: Could not convert string 'medium' to DOUBLE"}
🚨 NORMALIZE FILE EXECUTING 🚨
SYNC START
Fetched 50 workout headers (offset=0)
Fetched 23 workout headers (offset=50)
No more workouts found. Ending sync.

SYNC COMPLETE
Headers processed: 73
Detailed workouts stored: 73
Skipped: 0
DEBUG raw_workouts rows: 76
DEBUG sets for ci-fixture-session-001: 4
DEBUG sets for ci-fixture-session-002: 4
DEBUG sets for ci-fixture-session-003: 4
DEBUG sets for 015cf079-c86d-43d0-b9d1-005d9e98f0a2: 23
DEBUG sets for 54aeaecf-4d1e-4ca7-bd62-2538f0f71056: 25
DEBUG sets for 7fe9abef-24e5-4622-9f61-473bb8ae9e64: 20
DEBUG sets for 08281521-4301-4e9f-a87c-66239a23ca27: 23
DEBUG sets for b94c8f20-783f-459f-a7b8-de3d6aa12f4e: 25
DEBUG sets for 716c7d04-94d1-4009-a62b-514f2a228dbc: 21
DEBUG sets for 3226c4ae-fc59-404a-8d28-2a6cf4de09e5: 23
DEBUG sets for 552fcbb2-d6ea-477b-bada-fd2a6a8c2946: 24
DEBUG sets for c4994788-2c8c-4fdb-8220-2bbd54ad696f: 21
DEBUG sets for 57e204c2-3cd9-433c-b8e0-e446777e5450: 22
DEBUG sets for 70b9c6ee-293e-4eba-9421-ca3002988cd8: 24
DEBUG sets for 83713f49-b352-4815-baf4-0a7f4bba0aa3: 20
DEBUG sets for c8825d20-c30f-43d6-a5fd-29103e166001: 21
DEBUG sets for 3c08afdb-62a6-42ed-b41c-79e3df8b43a9: 18
DEBUG sets for d23c4815-40b8-457f-ad27-154f817249fd: 19
DEBUG sets for c8dbc020-24f0-463c-9d8f-a3ad0011fbcf: 22
DEBUG sets for b3d2830d-353e-4574-a55f-73a81a60c08e: 24
DEBUG sets for d9d3df7f-61ee-4935-a2ff-725ab50c3ac3: 22
DEBUG sets for 85494f00-ea62-4777-9c24-294f5ffba9c6: 22
DEBUG sets for a7da514e-701c-452a-bb48-635c0029210c: 24
DEBUG sets for fb328d28-4241-4b0f-8093-2880d2596144: 22
DEBUG sets for 92b58215-da42-4ede-87f7-eb3b3fc8179e: 22
DEBUG sets for b02a6891-b7c4-44e0-848b-d3fe5415f6d8: 24
DEBUG sets for 71476de7-9496-4a51-b038-ab3b8bc1e9d0: 22
DEBUG sets for c92add48-4b0e-4efa-90e2-e8f76bedb44a: 22
DEBUG sets for 5f5ceb0b-a13a-4c18-8a1b-3261b2dea227: 25
DEBUG sets for 6e9e2e4a-9ab2-4bba-aeb7-b5e2743d7382: 17
DEBUG sets for da6e2a1a-641f-4ac3-b15f-c3f5394e2af2: 24
DEBUG sets for f5d9ff2e-8e09-4348-997f-33cd35f6d700: 21
DEBUG sets for 310eae85-d153-45b1-b94c-3d760d551066: 17
DEBUG sets for 2ab17bc5-7df9-4c06-9d71-94cc215be33f: 20
DEBUG sets for d2190a88-cd56-4078-9213-2bbd461f8723: 21
DEBUG sets for c6dc4666-b5d5-4ff1-a896-db24b0e306d7: 17
DEBUG sets for 0eb5c728-9005-4f03-b809-86ad0502143e: 17
DEBUG sets for bd9e9261-32d6-4044-bcd1-7fc077c967c9: 18
DEBUG sets for 04ed67f0-e590-4ece-9f9b-0c708c9ffa12: 17
DEBUG sets for e1f71f9e-305f-4d94-82a7-3da4cf61e764: 18
DEBUG sets for c0df82a8-58c4-4b9d-88f0-751660f681a3: 18
DEBUG sets for 91af8e20-16ca-47db-a7fb-e893c7187355: 17
DEBUG sets for 3d2413fc-a2be-4c45-944a-cdcdc355292b: 16
DEBUG sets for 07b7c16e-8d6b-4940-9aa6-39c7d5daac56: 16
DEBUG sets for 412904c9-0b8d-4670-b885-04184be3b209: 18
DEBUG sets for 8a8d60a3-233b-4182-be57-93d34c6fc770: 17
DEBUG sets for fdc4c4db-2b22-4f26-87af-38350f996ef2: 16
DEBUG sets for 123e3722-a86a-4a77-ab92-74824dcbf2ff: 15
DEBUG sets for 6df0ab57-8f48-4f2e-a327-031a3a1932b3: 16
DEBUG sets for c10d7907-34e6-4eea-8f47-67c79d3ec736: 16
DEBUG sets for fe486b1b-b87e-41c1-8c50-8216bfd2ad1f: 14
DEBUG sets for 298ab704-612b-4cb8-a777-177217cf0ecf: 16
DEBUG sets for 7b31a045-fbcf-4875-9e0a-297e38c75885: 16
DEBUG sets for d8e77143-ba07-49d1-a102-46fda48b2dd1: 16
DEBUG sets for d764d3ea-3ea5-405c-a904-17ff28021091: 18
DEBUG sets for 689f99cb-f857-4835-b125-7bc8309d70c2: 14
DEBUG sets for fb197f96-f07c-4473-b48d-5ae2fcfe44d1: 16
DEBUG sets for 44b5a1d1-d690-410b-8c85-2445cb04e443: 18
DEBUG sets for 1154b180-1895-475f-a549-15d0dac5e309: 17
DEBUG sets for 7ef91b05-30c5-4d3f-a71f-80dd66be9be7: 16
DEBUG sets for 4d36dc80-f523-481c-886a-2d82a98d32b2: 17
DEBUG sets for 16f1a287-f1b5-4b3f-88ca-778142aa9650: 18
DEBUG sets for 4cfe1f5c-4c9c-4415-a79a-57e0c77a24f5: 19
DEBUG sets for 3229684f-828b-4584-9b7e-3020b2a7c043: 17
DEBUG sets for ef4d0610-1f28-4135-8e4a-b1095198556f: 18
DEBUG sets for f38ab2e9-9082-460a-8af0-cea0d72c4d83: 17
DEBUG sets for 9c6775b1-d2dc-4d61-acff-d03e14852e51: 18
DEBUG sets for e16dde1e-59a4-4f0b-a483-e21d93469c39: 17
DEBUG sets for 5cf7dcae-9081-40c0-9b90-6079ce6e0269: 17
DEBUG sets for 11f67b61-0ba1-4126-8f33-373985df3c18: 18
DEBUG sets for 4bd39b30-ba8e-4a16-a03b-907389d63c79: 15
DEBUG sets for 284daffc-ce5f-4e66-b3b5-c7fd305bf254: 14
DEBUG sets for 5f6a3adf-ec90-40fd-b4d9-85d8d3d26075: 14
DEBUG sets for ccbad86b-f23d-4d0c-888e-58a8b744c780: 9
DEBUG sets for f059bbee-6134-4d82-9d54-1465e5fa4e97: 18
DEBUG sets for e60a3278-8327-418a-aabe-95ea884a6904: 12
✅ normalize complete — sessions: 76, sets: 1383
[06:30:11]   sync failed (rate limit / offline) — keeping last data
[06:30:11] training: build card data
wrote /Users/chadcrawford/knowledge/CHAD_OS/tools/workout-card.data.js — 4 sessions
  2026-08-14  Day B  DAY B - CHEST / TRICEPS  (5 days)  (7 ex)
  2026-08-13  Day A  DAY A — BACK / BICEPS (4-5 days)  (8 ex)
  2026-08-08  Day C  DAY C — DELTS / ABS (3-4 days)  (6 ex)
  2026-08-07  Day B  DAY B - CHEST / TRICEPS  (5 days)  (7 ex)
[06:30:11] training: cache-busted workout.html (v=20260815063011)
[06:30:11] training: cache-busted workout2.html (v=20260815063011)
[06:30:11] weight: refresh withings
→ Fetching Withings data...
withings  mode=live    rows=999  ok
  ✓ Fetch complete
→ Using data: /Users/chadcrawford/knowledge/CHAD_OS/raw/withings/2026-08-15/withings-da7b56bfa8697f5c.json (fetched 2026-08-15)
→ Regenerating dashboard...
Dashboard written → /Users/chadcrawford/forge/projects/APE/dashboards/withings_body_composition.html
✓ Dashboard: /Users/chadcrawford/forge/projects/APE/dashboards/withings_body_composition.html
[06:30:17] ped: render from template
  ped.html written (demo seed)
[06:30:17] research: sync opt-in last30days briefs
[06:30:17]   research: publish/ empty — nothing published
[06:30:17] git: commit + push
[06:30:05] prescription config refreshed from engine
[06:30:05] training: VOLM sync (--sync given)
TRANSACTION FAILED — ROLLBACK
Traceback (most recent call last):
  File "/Users/chadcrawford/forge/projects/APE/app/api/routes/sync.py", line 118, in run_sync
    _call_first_available(
  File "/Users/chadcrawford/forge/projects/APE/app/api/routes/sync.py", line 38, in _call_first_available
    return fn(conn=conn)
           ^^^^^^^^^^^^^
  File "/Users/chadcrawford/forge/projects/APE/app/services/recommendations/recommendations.py", line 172, in generate_recommendations
    conn.execute(
_duckdb.ConversionException: Conversion Error: Could not convert string 'medium' to DOUBLE
Traceback (most recent call last):
  File "/Users/chadcrawford/forge/projects/APE/app/api/routes/sync.py", line 118, in run_sync
    _call_first_available(
  File "/Users/chadcrawford/forge/projects/APE/app/api/routes/sync.py", line 38, in _call_first_available
    return fn(conn=conn)
           ^^^^^^^^^^^^^
  File "/Users/chadcrawford/forge/projects/APE/app/services/recommendations/recommendations.py", line 172, in generate_recommendations
    conn.execute(
_duckdb.ConversionException: Conversion Error: Could not convert string 'medium' to DOUBLE

The above exception was the direct cause of the following exception:

Traceback (most recent call last):
  File "<string>", line 1, in <module>
  File "/Users/chadcrawford/forge/projects/APE/app/api/routes/sync.py", line 135, in run_sync
    raise HTTPException(
fastapi.exceptions.HTTPException: 500: {'status': 'error', 'stage': 'transaction', 'message': "Conversion Error: Could not convert string 'medium' to DOUBLE"}
🚨 NORMALIZE FILE EXECUTING 🚨
SYNC START
Fetched 50 workout headers (offset=0)
Fetched 23 workout headers (offset=50)
No more workouts found. Ending sync.

SYNC COMPLETE
Headers processed: 73
Detailed workouts stored: 73
Skipped: 0
DEBUG raw_workouts rows: 76
DEBUG sets for ci-fixture-session-001: 4
DEBUG sets for ci-fixture-session-002: 4
DEBUG sets for ci-fixture-session-003: 4
DEBUG sets for 015cf079-c86d-43d0-b9d1-005d9e98f0a2: 23
DEBUG sets for 54aeaecf-4d1e-4ca7-bd62-2538f0f71056: 25
DEBUG sets for 7fe9abef-24e5-4622-9f61-473bb8ae9e64: 20
DEBUG sets for 08281521-4301-4e9f-a87c-66239a23ca27: 23
DEBUG sets for b94c8f20-783f-459f-a7b8-de3d6aa12f4e: 25
DEBUG sets for 716c7d04-94d1-4009-a62b-514f2a228dbc: 21
DEBUG sets for 3226c4ae-fc59-404a-8d28-2a6cf4de09e5: 23
DEBUG sets for 552fcbb2-d6ea-477b-bada-fd2a6a8c2946: 24
DEBUG sets for c4994788-2c8c-4fdb-8220-2bbd54ad696f: 21
DEBUG sets for 57e204c2-3cd9-433c-b8e0-e446777e5450: 22
DEBUG sets for 70b9c6ee-293e-4eba-9421-ca3002988cd8: 24
DEBUG sets for 83713f49-b352-4815-baf4-0a7f4bba0aa3: 20
DEBUG sets for c8825d20-c30f-43d6-a5fd-29103e166001: 21
DEBUG sets for 3c08afdb-62a6-42ed-b41c-79e3df8b43a9: 18
DEBUG sets for d23c4815-40b8-457f-ad27-154f817249fd: 19
DEBUG sets for c8dbc020-24f0-463c-9d8f-a3ad0011fbcf: 22
DEBUG sets for b3d2830d-353e-4574-a55f-73a81a60c08e: 24
DEBUG sets for d9d3df7f-61ee-4935-a2ff-725ab50c3ac3: 22
DEBUG sets for 85494f00-ea62-4777-9c24-294f5ffba9c6: 22
DEBUG sets for a7da514e-701c-452a-bb48-635c0029210c: 24
DEBUG sets for fb328d28-4241-4b0f-8093-2880d2596144: 22
DEBUG sets for 92b58215-da42-4ede-87f7-eb3b3fc8179e: 22
DEBUG sets for b02a6891-b7c4-44e0-848b-d3fe5415f6d8: 24
DEBUG sets for 71476de7-9496-4a51-b038-ab3b8bc1e9d0: 22
DEBUG sets for c92add48-4b0e-4efa-90e2-e8f76bedb44a: 22
DEBUG sets for 5f5ceb0b-a13a-4c18-8a1b-3261b2dea227: 25
DEBUG sets for 6e9e2e4a-9ab2-4bba-aeb7-b5e2743d7382: 17
DEBUG sets for da6e2a1a-641f-4ac3-b15f-c3f5394e2af2: 24
DEBUG sets for f5d9ff2e-8e09-4348-997f-33cd35f6d700: 21
DEBUG sets for 310eae85-d153-45b1-b94c-3d760d551066: 17
DEBUG sets for 2ab17bc5-7df9-4c06-9d71-94cc215be33f: 20
DEBUG sets for d2190a88-cd56-4078-9213-2bbd461f8723: 21
DEBUG sets for c6dc4666-b5d5-4ff1-a896-db24b0e306d7: 17
DEBUG sets for 0eb5c728-9005-4f03-b809-86ad0502143e: 17
DEBUG sets for bd9e9261-32d6-4044-bcd1-7fc077c967c9: 18
DEBUG sets for 04ed67f0-e590-4ece-9f9b-0c708c9ffa12: 17
DEBUG sets for e1f71f9e-305f-4d94-82a7-3da4cf61e764: 18
DEBUG sets for c0df82a8-58c4-4b9d-88f0-751660f681a3: 18
DEBUG sets for 91af8e20-16ca-47db-a7fb-e893c7187355: 17
DEBUG sets for 3d2413fc-a2be-4c45-944a-cdcdc355292b: 16
DEBUG sets for 07b7c16e-8d6b-4940-9aa6-39c7d5daac56: 16
DEBUG sets for 412904c9-0b8d-4670-b885-04184be3b209: 18
DEBUG sets for 8a8d60a3-233b-4182-be57-93d34c6fc770: 17
DEBUG sets for fdc4c4db-2b22-4f26-87af-38350f996ef2: 16
DEBUG sets for 123e3722-a86a-4a77-ab92-74824dcbf2ff: 15
DEBUG sets for 6df0ab57-8f48-4f2e-a327-031a3a1932b3: 16
DEBUG sets for c10d7907-34e6-4eea-8f47-67c79d3ec736: 16
DEBUG sets for fe486b1b-b87e-41c1-8c50-8216bfd2ad1f: 14
DEBUG sets for 298ab704-612b-4cb8-a777-177217cf0ecf: 16
DEBUG sets for 7b31a045-fbcf-4875-9e0a-297e38c75885: 16
DEBUG sets for d8e77143-ba07-49d1-a102-46fda48b2dd1: 16
DEBUG sets for d764d3ea-3ea5-405c-a904-17ff28021091: 18
DEBUG sets for 689f99cb-f857-4835-b125-7bc8309d70c2: 14
DEBUG sets for fb197f96-f07c-4473-b48d-5ae2fcfe44d1: 16
DEBUG sets for 44b5a1d1-d690-410b-8c85-2445cb04e443: 18
DEBUG sets for 1154b180-1895-475f-a549-15d0dac5e309: 17
DEBUG sets for 7ef91b05-30c5-4d3f-a71f-80dd66be9be7: 16
DEBUG sets for 4d36dc80-f523-481c-886a-2d82a98d32b2: 17
DEBUG sets for 16f1a287-f1b5-4b3f-88ca-778142aa9650: 18
DEBUG sets for 4cfe1f5c-4c9c-4415-a79a-57e0c77a24f5: 19
DEBUG sets for 3229684f-828b-4584-9b7e-3020b2a7c043: 17
DEBUG sets for ef4d0610-1f28-4135-8e4a-b1095198556f: 18
DEBUG sets for f38ab2e9-9082-460a-8af0-cea0d72c4d83: 17
DEBUG sets for 9c6775b1-d2dc-4d61-acff-d03e14852e51: 18
DEBUG sets for e16dde1e-59a4-4f0b-a483-e21d93469c39: 17
DEBUG sets for 5cf7dcae-9081-40c0-9b90-6079ce6e0269: 17
DEBUG sets for 11f67b61-0ba1-4126-8f33-373985df3c18: 18
DEBUG sets for 4bd39b30-ba8e-4a16-a03b-907389d63c79: 15
DEBUG sets for 284daffc-ce5f-4e66-b3b5-c7fd305bf254: 14
DEBUG sets for 5f6a3adf-ec90-40fd-b4d9-85d8d3d26075: 14
DEBUG sets for ccbad86b-f23d-4d0c-888e-58a8b744c780: 9
DEBUG sets for f059bbee-6134-4d82-9d54-1465e5fa4e97: 18
DEBUG sets for e60a3278-8327-418a-aabe-95ea884a6904: 12
✅ normalize complete — sessions: 76, sets: 1383
[06:30:15]   sync failed (rate limit / offline) — keeping last data
[06:30:15] training: build card data
build_card_data: rpe_target_adjustment query failed, rpeAdjustmentAdvisory will read as None for all exercises: BinderException('Binder Error: Referenced column "rpe_target_adjustment" not found in FROM clause!\nCandidate bindings: "regression_sensitivity", "max_value", "step_size", "timestamp", "progression_bias"\n\nLINE 1: SELECT rpe_target_adjustment FROM system_control_params LIMIT 1\n               ^')
wrote /Users/chadcrawford/knowledge/CHAD_OS/tools/workout-card.data.js — 4 sessions
  2026-08-14  Day B  DAY B - CHEST / TRICEPS  (5 days)  (7 ex)
  2026-08-13  Day A  DAY A — BACK / BICEPS (4-5 days)  (8 ex)
  2026-08-08  Day C  DAY C — DELTS / ABS (3-4 days)  (6 ex)
  2026-08-07  Day B  DAY B - CHEST / TRICEPS  (5 days)  (7 ex)
[06:30:16] training: cache-busted workout.html (v=20260816063016)
[06:30:16] training: cache-busted workout2.html (v=20260816063016)
[06:30:16] weight: refresh withings
→ Fetching Withings data...
withings  mode=live    rows=999  ok
  ✓ Fetch complete
→ Using data: /Users/chadcrawford/knowledge/CHAD_OS/raw/withings/2026-08-16/withings-2e97aa3348228a12.json (fetched 2026-08-16)
→ Regenerating dashboard...
Dashboard written → /Users/chadcrawford/forge/projects/APE/dashboards/withings_body_composition.html
✓ Dashboard: /Users/chadcrawford/forge/projects/APE/dashboards/withings_body_composition.html
[06:30:22] ped: render from template
  ped.html written (demo seed)
[06:30:22] research: sync opt-in last30days briefs
[06:30:22]   research: publish/ empty — nothing published
[06:30:22] git: commit + push
[06:30:24] prescription config refreshed from engine
[06:30:24] training: VOLM sync (--sync given)
TRANSACTION FAILED — ROLLBACK
Traceback (most recent call last):
  File "/Users/chadcrawford/forge/projects/APE/app/api/routes/sync.py", line 118, in run_sync
    _call_first_available(
  File "/Users/chadcrawford/forge/projects/APE/app/api/routes/sync.py", line 38, in _call_first_available
    return fn(conn=conn)
           ^^^^^^^^^^^^^
  File "/Users/chadcrawford/forge/projects/APE/app/services/recommendations/recommendations.py", line 172, in generate_recommendations
    conn.execute(
_duckdb.ConversionException: Conversion Error: Could not convert string 'medium' to DOUBLE
Traceback (most recent call last):
  File "/Users/chadcrawford/forge/projects/APE/app/api/routes/sync.py", line 118, in run_sync
    _call_first_available(
  File "/Users/chadcrawford/forge/projects/APE/app/api/routes/sync.py", line 38, in _call_first_available
    return fn(conn=conn)
           ^^^^^^^^^^^^^
  File "/Users/chadcrawford/forge/projects/APE/app/services/recommendations/recommendations.py", line 172, in generate_recommendations
    conn.execute(
_duckdb.ConversionException: Conversion Error: Could not convert string 'medium' to DOUBLE

The above exception was the direct cause of the following exception:

Traceback (most recent call last):
  File "<string>", line 1, in <module>
  File "/Users/chadcrawford/forge/projects/APE/app/api/routes/sync.py", line 135, in run_sync
    raise HTTPException(
fastapi.exceptions.HTTPException: 500: {'status': 'error', 'stage': 'transaction', 'message': "Conversion Error: Could not convert string 'medium' to DOUBLE"}
🚨 NORMALIZE FILE EXECUTING 🚨
SYNC START
Fetched 50 workout headers (offset=0)
Fetched 24 workout headers (offset=50)
No more workouts found. Ending sync.

SYNC COMPLETE
Headers processed: 74
Detailed workouts stored: 74
Skipped: 0
DEBUG raw_workouts rows: 77
DEBUG sets for ci-fixture-session-001: 4
DEBUG sets for ci-fixture-session-002: 4
DEBUG sets for ci-fixture-session-003: 4
DEBUG sets for 641a1853-7827-45ff-b9b9-6347daf5e5fe: 22
DEBUG sets for 015cf079-c86d-43d0-b9d1-005d9e98f0a2: 23
DEBUG sets for 54aeaecf-4d1e-4ca7-bd62-2538f0f71056: 25
DEBUG sets for 7fe9abef-24e5-4622-9f61-473bb8ae9e64: 20
DEBUG sets for 08281521-4301-4e9f-a87c-66239a23ca27: 23
DEBUG sets for b94c8f20-783f-459f-a7b8-de3d6aa12f4e: 25
DEBUG sets for 716c7d04-94d1-4009-a62b-514f2a228dbc: 21
DEBUG sets for 3226c4ae-fc59-404a-8d28-2a6cf4de09e5: 23
DEBUG sets for 552fcbb2-d6ea-477b-bada-fd2a6a8c2946: 24
DEBUG sets for c4994788-2c8c-4fdb-8220-2bbd54ad696f: 21
DEBUG sets for 57e204c2-3cd9-433c-b8e0-e446777e5450: 22
DEBUG sets for 70b9c6ee-293e-4eba-9421-ca3002988cd8: 24
DEBUG sets for 83713f49-b352-4815-baf4-0a7f4bba0aa3: 20
DEBUG sets for c8825d20-c30f-43d6-a5fd-29103e166001: 21
DEBUG sets for 3c08afdb-62a6-42ed-b41c-79e3df8b43a9: 18
DEBUG sets for d23c4815-40b8-457f-ad27-154f817249fd: 19
DEBUG sets for c8dbc020-24f0-463c-9d8f-a3ad0011fbcf: 22
DEBUG sets for b3d2830d-353e-4574-a55f-73a81a60c08e: 24
DEBUG sets for d9d3df7f-61ee-4935-a2ff-725ab50c3ac3: 22
DEBUG sets for 85494f00-ea62-4777-9c24-294f5ffba9c6: 22
DEBUG sets for a7da514e-701c-452a-bb48-635c0029210c: 24
DEBUG sets for fb328d28-4241-4b0f-8093-2880d2596144: 22
DEBUG sets for 92b58215-da42-4ede-87f7-eb3b3fc8179e: 22
DEBUG sets for b02a6891-b7c4-44e0-848b-d3fe5415f6d8: 24
DEBUG sets for 71476de7-9496-4a51-b038-ab3b8bc1e9d0: 22
DEBUG sets for c92add48-4b0e-4efa-90e2-e8f76bedb44a: 22
DEBUG sets for 5f5ceb0b-a13a-4c18-8a1b-3261b2dea227: 25
DEBUG sets for 6e9e2e4a-9ab2-4bba-aeb7-b5e2743d7382: 17
DEBUG sets for da6e2a1a-641f-4ac3-b15f-c3f5394e2af2: 24
DEBUG sets for f5d9ff2e-8e09-4348-997f-33cd35f6d700: 21
DEBUG sets for 310eae85-d153-45b1-b94c-3d760d551066: 17
DEBUG sets for 2ab17bc5-7df9-4c06-9d71-94cc215be33f: 20
DEBUG sets for d2190a88-cd56-4078-9213-2bbd461f8723: 21
DEBUG sets for c6dc4666-b5d5-4ff1-a896-db24b0e306d7: 17
DEBUG sets for 0eb5c728-9005-4f03-b809-86ad0502143e: 17
DEBUG sets for bd9e9261-32d6-4044-bcd1-7fc077c967c9: 18
DEBUG sets for 04ed67f0-e590-4ece-9f9b-0c708c9ffa12: 17
DEBUG sets for e1f71f9e-305f-4d94-82a7-3da4cf61e764: 18
DEBUG sets for c0df82a8-58c4-4b9d-88f0-751660f681a3: 18
DEBUG sets for 91af8e20-16ca-47db-a7fb-e893c7187355: 17
DEBUG sets for 3d2413fc-a2be-4c45-944a-cdcdc355292b: 16
DEBUG sets for 07b7c16e-8d6b-4940-9aa6-39c7d5daac56: 16
DEBUG sets for 412904c9-0b8d-4670-b885-04184be3b209: 18
DEBUG sets for 8a8d60a3-233b-4182-be57-93d34c6fc770: 17
DEBUG sets for fdc4c4db-2b22-4f26-87af-38350f996ef2: 16
DEBUG sets for 123e3722-a86a-4a77-ab92-74824dcbf2ff: 15
DEBUG sets for 6df0ab57-8f48-4f2e-a327-031a3a1932b3: 16
DEBUG sets for c10d7907-34e6-4eea-8f47-67c79d3ec736: 16
DEBUG sets for fe486b1b-b87e-41c1-8c50-8216bfd2ad1f: 14
DEBUG sets for 298ab704-612b-4cb8-a777-177217cf0ecf: 16
DEBUG sets for 7b31a045-fbcf-4875-9e0a-297e38c75885: 16
DEBUG sets for d8e77143-ba07-49d1-a102-46fda48b2dd1: 16
DEBUG sets for d764d3ea-3ea5-405c-a904-17ff28021091: 18
DEBUG sets for 689f99cb-f857-4835-b125-7bc8309d70c2: 14
DEBUG sets for fb197f96-f07c-4473-b48d-5ae2fcfe44d1: 16
DEBUG sets for 44b5a1d1-d690-410b-8c85-2445cb04e443: 18
DEBUG sets for 1154b180-1895-475f-a549-15d0dac5e309: 17
DEBUG sets for 7ef91b05-30c5-4d3f-a71f-80dd66be9be7: 16
DEBUG sets for 4d36dc80-f523-481c-886a-2d82a98d32b2: 17
DEBUG sets for 16f1a287-f1b5-4b3f-88ca-778142aa9650: 18
DEBUG sets for 4cfe1f5c-4c9c-4415-a79a-57e0c77a24f5: 19
DEBUG sets for 3229684f-828b-4584-9b7e-3020b2a7c043: 17
DEBUG sets for ef4d0610-1f28-4135-8e4a-b1095198556f: 18
DEBUG sets for f38ab2e9-9082-460a-8af0-cea0d72c4d83: 17
DEBUG sets for 9c6775b1-d2dc-4d61-acff-d03e14852e51: 18
DEBUG sets for e16dde1e-59a4-4f0b-a483-e21d93469c39: 17
DEBUG sets for 5cf7dcae-9081-40c0-9b90-6079ce6e0269: 17
DEBUG sets for 11f67b61-0ba1-4126-8f33-373985df3c18: 18
DEBUG sets for 4bd39b30-ba8e-4a16-a03b-907389d63c79: 15
DEBUG sets for 284daffc-ce5f-4e66-b3b5-c7fd305bf254: 14
DEBUG sets for 5f6a3adf-ec90-40fd-b4d9-85d8d3d26075: 14
DEBUG sets for ccbad86b-f23d-4d0c-888e-58a8b744c780: 9
DEBUG sets for f059bbee-6134-4d82-9d54-1465e5fa4e97: 18
DEBUG sets for e60a3278-8327-418a-aabe-95ea884a6904: 12
✅ normalize complete — sessions: 77, sets: 1405
[06:30:37]   sync failed (rate limit / offline) — keeping last data
[06:30:37] training: build card data
wrote /Users/chadcrawford/knowledge/CHAD_OS/tools/workout-card.data.js — 4 sessions
  2026-08-15  Day C  DAY C — DELTS / ABS (3-4 days)  (6 ex)
  2026-08-14  Day B  DAY B - CHEST / TRICEPS  (5 days)  (7 ex)
  2026-08-13  Day A  DAY A — BACK / BICEPS (4-5 days)  (8 ex)
  2026-08-08  Day C  DAY C — DELTS / ABS (3-4 days)  (6 ex)
[06:30:38] calibration: build calibration data
wrote /Users/chadcrawford/knowledge/CHAD_OS/tools/calibration-data.js
[06:30:38] training: cache-busted workout.html (v=20260817063038)
[06:30:38] training: cache-busted workout2.html (v=20260817063038)
[06:30:38] calibration: cache-busted tuning.html (v=20260817063038)
[06:30:38] weight: refresh withings
→ Fetching Withings data...
withings  mode=live    rows=999  ok
  ✓ Fetch complete
→ Using data: /Users/chadcrawford/knowledge/CHAD_OS/raw/withings/2026-08-17/withings-fb4e7ee3157f4b6c.json (fetched 2026-08-17)
→ Regenerating dashboard...
Dashboard written → /Users/chadcrawford/forge/projects/APE/dashboards/withings_body_composition.html
✓ Dashboard: /Users/chadcrawford/forge/projects/APE/dashboards/withings_body_composition.html
[06:30:46] ped: render from template
  ped.html written (demo seed)
[06:30:46] research: sync opt-in last30days briefs
[06:30:47]   research: publish/ empty — nothing published
[06:30:47] git: commit + push
To https://github.com/Calabasse/dash.git
   7c509e1..705e57d  main -> main
[06:30:53] deployed.
[06:30:05] prescription config refreshed from engine
[06:30:05] training: VOLM sync (--sync given)
TRANSACTION FAILED — ROLLBACK
Traceback (most recent call last):
  File "/Users/chadcrawford/forge/projects/APE/app/api/routes/sync.py", line 118, in run_sync
    _call_first_available(
  File "/Users/chadcrawford/forge/projects/APE/app/api/routes/sync.py", line 38, in _call_first_available
    return fn(conn=conn)
           ^^^^^^^^^^^^^
  File "/Users/chadcrawford/forge/projects/APE/app/services/recommendations/recommendations.py", line 172, in generate_recommendations
    conn.execute(
_duckdb.ConversionException: Conversion Error: Could not convert string 'medium' to DOUBLE
Traceback (most recent call last):
  File "/Users/chadcrawford/forge/projects/APE/app/api/routes/sync.py", line 118, in run_sync
    _call_first_available(
  File "/Users/chadcrawford/forge/projects/APE/app/api/routes/sync.py", line 38, in _call_first_available
    return fn(conn=conn)
           ^^^^^^^^^^^^^
  File "/Users/chadcrawford/forge/projects/APE/app/services/recommendations/recommendations.py", line 172, in generate_recommendations
    conn.execute(
_duckdb.ConversionException: Conversion Error: Could not convert string 'medium' to DOUBLE

The above exception was the direct cause of the following exception:

Traceback (most recent call last):
  File "<string>", line 1, in <module>
  File "/Users/chadcrawford/forge/projects/APE/app/api/routes/sync.py", line 135, in run_sync
    raise HTTPException(
fastapi.exceptions.HTTPException: 500: {'status': 'error', 'stage': 'transaction', 'message': "Conversion Error: Could not convert string 'medium' to DOUBLE"}
🚨 NORMALIZE FILE EXECUTING 🚨
SYNC START
Fetched 50 workout headers (offset=0)
Fetched 25 workout headers (offset=50)
No more workouts found. Ending sync.

SYNC COMPLETE
Headers processed: 75
Detailed workouts stored: 75
Skipped: 0
DEBUG raw_workouts rows: 78
DEBUG sets for ci-fixture-session-001: 4
DEBUG sets for ci-fixture-session-002: 4
DEBUG sets for ci-fixture-session-003: 4
DEBUG sets for cc38656e-1a35-4716-836a-223db66a862e: 25
DEBUG sets for 641a1853-7827-45ff-b9b9-6347daf5e5fe: 22
DEBUG sets for 015cf079-c86d-43d0-b9d1-005d9e98f0a2: 23
DEBUG sets for 54aeaecf-4d1e-4ca7-bd62-2538f0f71056: 25
DEBUG sets for 7fe9abef-24e5-4622-9f61-473bb8ae9e64: 20
DEBUG sets for 08281521-4301-4e9f-a87c-66239a23ca27: 23
DEBUG sets for b94c8f20-783f-459f-a7b8-de3d6aa12f4e: 25
DEBUG sets for 716c7d04-94d1-4009-a62b-514f2a228dbc: 21
DEBUG sets for 3226c4ae-fc59-404a-8d28-2a6cf4de09e5: 23
DEBUG sets for 552fcbb2-d6ea-477b-bada-fd2a6a8c2946: 24
DEBUG sets for c4994788-2c8c-4fdb-8220-2bbd54ad696f: 21
DEBUG sets for 57e204c2-3cd9-433c-b8e0-e446777e5450: 22
DEBUG sets for 70b9c6ee-293e-4eba-9421-ca3002988cd8: 24
DEBUG sets for 83713f49-b352-4815-baf4-0a7f4bba0aa3: 20
DEBUG sets for c8825d20-c30f-43d6-a5fd-29103e166001: 21
DEBUG sets for 3c08afdb-62a6-42ed-b41c-79e3df8b43a9: 18
DEBUG sets for d23c4815-40b8-457f-ad27-154f817249fd: 19
DEBUG sets for c8dbc020-24f0-463c-9d8f-a3ad0011fbcf: 22
DEBUG sets for b3d2830d-353e-4574-a55f-73a81a60c08e: 24
DEBUG sets for d9d3df7f-61ee-4935-a2ff-725ab50c3ac3: 22
DEBUG sets for 85494f00-ea62-4777-9c24-294f5ffba9c6: 22
DEBUG sets for a7da514e-701c-452a-bb48-635c0029210c: 24
DEBUG sets for fb328d28-4241-4b0f-8093-2880d2596144: 22
DEBUG sets for 92b58215-da42-4ede-87f7-eb3b3fc8179e: 22
DEBUG sets for b02a6891-b7c4-44e0-848b-d3fe5415f6d8: 24
DEBUG sets for 71476de7-9496-4a51-b038-ab3b8bc1e9d0: 22
DEBUG sets for c92add48-4b0e-4efa-90e2-e8f76bedb44a: 22
DEBUG sets for 5f5ceb0b-a13a-4c18-8a1b-3261b2dea227: 25
DEBUG sets for 6e9e2e4a-9ab2-4bba-aeb7-b5e2743d7382: 17
DEBUG sets for da6e2a1a-641f-4ac3-b15f-c3f5394e2af2: 24
DEBUG sets for f5d9ff2e-8e09-4348-997f-33cd35f6d700: 21
DEBUG sets for 310eae85-d153-45b1-b94c-3d760d551066: 17
DEBUG sets for 2ab17bc5-7df9-4c06-9d71-94cc215be33f: 20
DEBUG sets for d2190a88-cd56-4078-9213-2bbd461f8723: 21
DEBUG sets for c6dc4666-b5d5-4ff1-a896-db24b0e306d7: 17
DEBUG sets for 0eb5c728-9005-4f03-b809-86ad0502143e: 17
DEBUG sets for bd9e9261-32d6-4044-bcd1-7fc077c967c9: 18
DEBUG sets for 04ed67f0-e590-4ece-9f9b-0c708c9ffa12: 17
DEBUG sets for e1f71f9e-305f-4d94-82a7-3da4cf61e764: 18
DEBUG sets for c0df82a8-58c4-4b9d-88f0-751660f681a3: 18
DEBUG sets for 91af8e20-16ca-47db-a7fb-e893c7187355: 17
DEBUG sets for 3d2413fc-a2be-4c45-944a-cdcdc355292b: 16
DEBUG sets for 07b7c16e-8d6b-4940-9aa6-39c7d5daac56: 16
DEBUG sets for 412904c9-0b8d-4670-b885-04184be3b209: 18
DEBUG sets for 8a8d60a3-233b-4182-be57-93d34c6fc770: 17
DEBUG sets for fdc4c4db-2b22-4f26-87af-38350f996ef2: 16
DEBUG sets for 123e3722-a86a-4a77-ab92-74824dcbf2ff: 15
DEBUG sets for 6df0ab57-8f48-4f2e-a327-031a3a1932b3: 16
DEBUG sets for c10d7907-34e6-4eea-8f47-67c79d3ec736: 16
DEBUG sets for fe486b1b-b87e-41c1-8c50-8216bfd2ad1f: 14
DEBUG sets for 298ab704-612b-4cb8-a777-177217cf0ecf: 16
DEBUG sets for 7b31a045-fbcf-4875-9e0a-297e38c75885: 16
DEBUG sets for d8e77143-ba07-49d1-a102-46fda48b2dd1: 16
DEBUG sets for d764d3ea-3ea5-405c-a904-17ff28021091: 18
DEBUG sets for 689f99cb-f857-4835-b125-7bc8309d70c2: 14
DEBUG sets for fb197f96-f07c-4473-b48d-5ae2fcfe44d1: 16
DEBUG sets for 44b5a1d1-d690-410b-8c85-2445cb04e443: 18
DEBUG sets for 1154b180-1895-475f-a549-15d0dac5e309: 17
DEBUG sets for 7ef91b05-30c5-4d3f-a71f-80dd66be9be7: 16
DEBUG sets for 4d36dc80-f523-481c-886a-2d82a98d32b2: 17
DEBUG sets for 16f1a287-f1b5-4b3f-88ca-778142aa9650: 18
DEBUG sets for 4cfe1f5c-4c9c-4415-a79a-57e0c77a24f5: 19
DEBUG sets for 3229684f-828b-4584-9b7e-3020b2a7c043: 17
DEBUG sets for ef4d0610-1f28-4135-8e4a-b1095198556f: 18
DEBUG sets for f38ab2e9-9082-460a-8af0-cea0d72c4d83: 17
DEBUG sets for 9c6775b1-d2dc-4d61-acff-d03e14852e51: 18
DEBUG sets for e16dde1e-59a4-4f0b-a483-e21d93469c39: 17
DEBUG sets for 5cf7dcae-9081-40c0-9b90-6079ce6e0269: 17
DEBUG sets for 11f67b61-0ba1-4126-8f33-373985df3c18: 18
DEBUG sets for 4bd39b30-ba8e-4a16-a03b-907389d63c79: 15
DEBUG sets for 284daffc-ce5f-4e66-b3b5-c7fd305bf254: 14
DEBUG sets for 5f6a3adf-ec90-40fd-b4d9-85d8d3d26075: 14
DEBUG sets for ccbad86b-f23d-4d0c-888e-58a8b744c780: 9
DEBUG sets for f059bbee-6134-4d82-9d54-1465e5fa4e97: 18
DEBUG sets for e60a3278-8327-418a-aabe-95ea884a6904: 12
✅ normalize complete — sessions: 78, sets: 1430
[06:30:15]   sync failed (rate limit / offline) — keeping last data
[06:30:15] training: build card data
wrote /Users/chadcrawford/knowledge/CHAD_OS/tools/workout-card.data.js — 4 sessions
  2026-08-18  Day A  DAY A — BACK / BICEPS (4-5 days)  (8 ex)
  2026-08-15  Day C  DAY C — DELTS / ABS (3-4 days)  (6 ex)
  2026-08-14  Day B  DAY B - CHEST / TRICEPS  (5 days)  (7 ex)
  2026-08-13  Day A  DAY A — BACK / BICEPS (4-5 days)  (8 ex)
[06:30:15] calibration: build calibration data
wrote /Users/chadcrawford/knowledge/CHAD_OS/tools/calibration-data.js
[06:30:15] training: cache-busted workout.html (v=20260818063015)
[06:30:15] training: cache-busted workout2.html (v=20260818063015)
[06:30:15] calibration: cache-busted tuning.html (v=20260818063015)
[06:30:15] weight: refresh withings
→ Fetching Withings data...
withings  mode=live    rows=999  ok
  ✓ Fetch complete
→ Using data: /Users/chadcrawford/knowledge/CHAD_OS/raw/withings/2026-08-18/withings-9f16126db24750d0.json (fetched 2026-08-18)
→ Regenerating dashboard...
Dashboard written → /Users/chadcrawford/forge/projects/APE/dashboards/withings_body_composition.html
✓ Dashboard: /Users/chadcrawford/forge/projects/APE/dashboards/withings_body_composition.html
[06:30:24] ped: render from template
  ped.html written (demo seed)
[06:30:24] research: sync opt-in last30days briefs
[06:30:24]   research: publish/ empty — nothing published
[06:30:24] git: commit + push
To https://github.com/Calabasse/dash.git
   705e57d..995ddc9  main -> main
[06:30:31] deployed.
[06:30:02] prescription config has uncommitted changes in the engine repo — skipping refresh, keeping last published value
[06:30:02] training: VOLM sync (--sync given)
list_workouts offset=50 attempt 1/3 failed: Client error '401 Unauthorized' for url 'https://api.volm.app/v1/workouts?limit=50&offset=50'
For more information check: https://developer.mozilla.org/en-US/docs/Web/HTTP/Status/401
list_workouts offset=50 attempt 2/3 failed: Client error '401 Unauthorized' for url 'https://api.volm.app/v1/workouts?limit=50&offset=50'
For more information check: https://developer.mozilla.org/en-US/docs/Web/HTTP/Status/401
list_workouts offset=50 attempt 3/3 failed: Client error '401 Unauthorized' for url 'https://api.volm.app/v1/workouts?limit=50&offset=50'
For more information check: https://developer.mozilla.org/en-US/docs/Web/HTTP/Status/401
TRANSACTION FAILED — ROLLBACK
Traceback (most recent call last):
  File "/Users/chadcrawford/forge/projects/APE/app/api/routes/sync.py", line 118, in run_sync
    _call_first_available(
  File "/Users/chadcrawford/forge/projects/APE/app/api/routes/sync.py", line 38, in _call_first_available
    return fn(conn=conn)
           ^^^^^^^^^^^^^
  File "/Users/chadcrawford/forge/projects/APE/app/services/recommendations/recommendations.py", line 172, in generate_recommendations
    conn.execute(
_duckdb.ConversionException: Conversion Error: Could not convert string 'medium' to DOUBLE
Traceback (most recent call last):
  File "/Users/chadcrawford/forge/projects/APE/app/api/routes/sync.py", line 118, in run_sync
    _call_first_available(
  File "/Users/chadcrawford/forge/projects/APE/app/api/routes/sync.py", line 38, in _call_first_available
    return fn(conn=conn)
           ^^^^^^^^^^^^^
  File "/Users/chadcrawford/forge/projects/APE/app/services/recommendations/recommendations.py", line 172, in generate_recommendations
    conn.execute(
_duckdb.ConversionException: Conversion Error: Could not convert string 'medium' to DOUBLE

The above exception was the direct cause of the following exception:

Traceback (most recent call last):
  File "<string>", line 1, in <module>
  File "/Users/chadcrawford/forge/projects/APE/app/api/routes/sync.py", line 135, in run_sync
    raise HTTPException(
fastapi.exceptions.HTTPException: 500: {'status': 'error', 'stage': 'transaction', 'message': "Conversion Error: Could not convert string 'medium' to DOUBLE"}
🚨 NORMALIZE FILE EXECUTING 🚨
SYNC START
Fetched 50 workout headers (offset=0)
list failed at offset=50 after retries — keeping 50 stored

SYNC COMPLETE
Headers processed: 50
Detailed workouts stored: 50
Skipped: 0
DEBUG raw_workouts rows: 78
DEBUG sets for ci-fixture-session-001: 4
DEBUG sets for ci-fixture-session-002: 4
DEBUG sets for ci-fixture-session-003: 4
DEBUG sets for 298ab704-612b-4cb8-a777-177217cf0ecf: 16
DEBUG sets for 7b31a045-fbcf-4875-9e0a-297e38c75885: 16
DEBUG sets for d8e77143-ba07-49d1-a102-46fda48b2dd1: 16
DEBUG sets for d764d3ea-3ea5-405c-a904-17ff28021091: 18
DEBUG sets for 689f99cb-f857-4835-b125-7bc8309d70c2: 14
DEBUG sets for fb197f96-f07c-4473-b48d-5ae2fcfe44d1: 16
DEBUG sets for 44b5a1d1-d690-410b-8c85-2445cb04e443: 18
DEBUG sets for 1154b180-1895-475f-a549-15d0dac5e309: 17
DEBUG sets for 7ef91b05-30c5-4d3f-a71f-80dd66be9be7: 16
DEBUG sets for 4d36dc80-f523-481c-886a-2d82a98d32b2: 17
DEBUG sets for 16f1a287-f1b5-4b3f-88ca-778142aa9650: 18
DEBUG sets for 4cfe1f5c-4c9c-4415-a79a-57e0c77a24f5: 19
DEBUG sets for 3229684f-828b-4584-9b7e-3020b2a7c043: 17
DEBUG sets for ef4d0610-1f28-4135-8e4a-b1095198556f: 18
DEBUG sets for f38ab2e9-9082-460a-8af0-cea0d72c4d83: 17
DEBUG sets for 9c6775b1-d2dc-4d61-acff-d03e14852e51: 18
DEBUG sets for e16dde1e-59a4-4f0b-a483-e21d93469c39: 17
DEBUG sets for 5cf7dcae-9081-40c0-9b90-6079ce6e0269: 17
DEBUG sets for 11f67b61-0ba1-4126-8f33-373985df3c18: 18
DEBUG sets for 4bd39b30-ba8e-4a16-a03b-907389d63c79: 15
DEBUG sets for 284daffc-ce5f-4e66-b3b5-c7fd305bf254: 14
DEBUG sets for 5f6a3adf-ec90-40fd-b4d9-85d8d3d26075: 14
DEBUG sets for ccbad86b-f23d-4d0c-888e-58a8b744c780: 9
DEBUG sets for f059bbee-6134-4d82-9d54-1465e5fa4e97: 18
DEBUG sets for e60a3278-8327-418a-aabe-95ea884a6904: 12
DEBUG sets for cc38656e-1a35-4716-836a-223db66a862e: 25
DEBUG sets for 641a1853-7827-45ff-b9b9-6347daf5e5fe: 22
DEBUG sets for 015cf079-c86d-43d0-b9d1-005d9e98f0a2: 23
DEBUG sets for 54aeaecf-4d1e-4ca7-bd62-2538f0f71056: 25
DEBUG sets for 7fe9abef-24e5-4622-9f61-473bb8ae9e64: 20
DEBUG sets for 08281521-4301-4e9f-a87c-66239a23ca27: 23
DEBUG sets for b94c8f20-783f-459f-a7b8-de3d6aa12f4e: 25
DEBUG sets for 716c7d04-94d1-4009-a62b-514f2a228dbc: 21
DEBUG sets for 3226c4ae-fc59-404a-8d28-2a6cf4de09e5: 23
DEBUG sets for 552fcbb2-d6ea-477b-bada-fd2a6a8c2946: 24
DEBUG sets for c4994788-2c8c-4fdb-8220-2bbd54ad696f: 21
DEBUG sets for 57e204c2-3cd9-433c-b8e0-e446777e5450: 22
DEBUG sets for 70b9c6ee-293e-4eba-9421-ca3002988cd8: 24
DEBUG sets for 83713f49-b352-4815-baf4-0a7f4bba0aa3: 20
DEBUG sets for c8825d20-c30f-43d6-a5fd-29103e166001: 21
DEBUG sets for 3c08afdb-62a6-42ed-b41c-79e3df8b43a9: 18
DEBUG sets for d23c4815-40b8-457f-ad27-154f817249fd: 19
DEBUG sets for c8dbc020-24f0-463c-9d8f-a3ad0011fbcf: 22
DEBUG sets for b3d2830d-353e-4574-a55f-73a81a60c08e: 24
DEBUG sets for d9d3df7f-61ee-4935-a2ff-725ab50c3ac3: 22
DEBUG sets for 85494f00-ea62-4777-9c24-294f5ffba9c6: 22
DEBUG sets for a7da514e-701c-452a-bb48-635c0029210c: 24
DEBUG sets for fb328d28-4241-4b0f-8093-2880d2596144: 22
DEBUG sets for 92b58215-da42-4ede-87f7-eb3b3fc8179e: 22
DEBUG sets for b02a6891-b7c4-44e0-848b-d3fe5415f6d8: 24
DEBUG sets for 71476de7-9496-4a51-b038-ab3b8bc1e9d0: 22
DEBUG sets for c92add48-4b0e-4efa-90e2-e8f76bedb44a: 22
DEBUG sets for 5f5ceb0b-a13a-4c18-8a1b-3261b2dea227: 25
DEBUG sets for 6e9e2e4a-9ab2-4bba-aeb7-b5e2743d7382: 17
DEBUG sets for da6e2a1a-641f-4ac3-b15f-c3f5394e2af2: 24
DEBUG sets for f5d9ff2e-8e09-4348-997f-33cd35f6d700: 21
DEBUG sets for 310eae85-d153-45b1-b94c-3d760d551066: 17
DEBUG sets for 2ab17bc5-7df9-4c06-9d71-94cc215be33f: 20
DEBUG sets for d2190a88-cd56-4078-9213-2bbd461f8723: 21
DEBUG sets for c6dc4666-b5d5-4ff1-a896-db24b0e306d7: 17
DEBUG sets for 0eb5c728-9005-4f03-b809-86ad0502143e: 17
DEBUG sets for bd9e9261-32d6-4044-bcd1-7fc077c967c9: 18
DEBUG sets for 04ed67f0-e590-4ece-9f9b-0c708c9ffa12: 17
DEBUG sets for e1f71f9e-305f-4d94-82a7-3da4cf61e764: 18
DEBUG sets for c0df82a8-58c4-4b9d-88f0-751660f681a3: 18
DEBUG sets for 91af8e20-16ca-47db-a7fb-e893c7187355: 17
DEBUG sets for 3d2413fc-a2be-4c45-944a-cdcdc355292b: 16
DEBUG sets for 07b7c16e-8d6b-4940-9aa6-39c7d5daac56: 16
DEBUG sets for 412904c9-0b8d-4670-b885-04184be3b209: 18
DEBUG sets for 8a8d60a3-233b-4182-be57-93d34c6fc770: 17
DEBUG sets for fdc4c4db-2b22-4f26-87af-38350f996ef2: 16
DEBUG sets for 123e3722-a86a-4a77-ab92-74824dcbf2ff: 15
DEBUG sets for 6df0ab57-8f48-4f2e-a327-031a3a1932b3: 16
DEBUG sets for c10d7907-34e6-4eea-8f47-67c79d3ec736: 16
DEBUG sets for fe486b1b-b87e-41c1-8c50-8216bfd2ad1f: 14
✅ normalize complete — sessions: 78, sets: 1430
[06:30:22]   sync failed (rate limit / offline) — keeping last data
[06:30:22] training: build card data
wrote /Users/chadcrawford/knowledge/CHAD_OS/tools/workout-card.data.js — 4 sessions
  2026-08-18  Day A  DAY A — BACK / BICEPS (4-5 days)  (8 ex)
  2026-08-15  Day C  DAY C — DELTS / ABS (3-4 days)  (6 ex)
  2026-08-14  Day B  DAY B - CHEST / TRICEPS  (5 days)  (7 ex)
  2026-08-13  Day A  DAY A — BACK / BICEPS (4-5 days)  (8 ex)
[06:30:22] calibration: build calibration data
wrote /Users/chadcrawford/knowledge/CHAD_OS/tools/calibration-data.js
[06:30:22] training: cache-busted workout.html (v=20260819063022)
[06:30:22] training: cache-busted workout2.html (v=20260819063022)
[06:30:22] calibration: cache-busted tuning.html (v=20260819063022)
[06:30:22] weight: refresh withings
→ Fetching Withings data...
withings  mode=live    rows=999  ok
  ✓ Fetch complete
→ Using data: /Users/chadcrawford/knowledge/CHAD_OS/raw/withings/2026-08-19/withings-9f16126db24750d0.json (fetched 2026-08-19)
→ Regenerating dashboard...
Dashboard written → /Users/chadcrawford/forge/projects/APE/dashboards/withings_body_composition.html
✓ Dashboard: /Users/chadcrawford/forge/projects/APE/dashboards/withings_body_composition.html
[06:30:28] ped: render from template
  ped.html written (demo seed)
[06:30:28] research: sync opt-in last30days briefs
[06:30:28]   research: publish/ empty — nothing published
[06:30:28] git: commit + push
To https://github.com/Calabasse/dash.git
   126bf91..533ced7  main -> main
[06:30:35] deployed.
[06:30:04] prescription config has uncommitted changes in the engine repo — skipping refresh, keeping last published value
[06:30:04] training: VOLM sync (--sync given)
TRANSACTION FAILED — ROLLBACK
Traceback (most recent call last):
  File "/Users/chadcrawford/forge/projects/APE/app/api/routes/sync.py", line 118, in run_sync
    _call_first_available(
  File "/Users/chadcrawford/forge/projects/APE/app/api/routes/sync.py", line 38, in _call_first_available
    return fn(conn=conn)
           ^^^^^^^^^^^^^
  File "/Users/chadcrawford/forge/projects/APE/app/services/recommendations/recommendations.py", line 172, in generate_recommendations
    conn.execute(
_duckdb.ConversionException: Conversion Error: Could not convert string 'medium' to DOUBLE
Traceback (most recent call last):
  File "/Users/chadcrawford/forge/projects/APE/app/api/routes/sync.py", line 118, in run_sync
    _call_first_available(
  File "/Users/chadcrawford/forge/projects/APE/app/api/routes/sync.py", line 38, in _call_first_available
    return fn(conn=conn)
           ^^^^^^^^^^^^^
  File "/Users/chadcrawford/forge/projects/APE/app/services/recommendations/recommendations.py", line 172, in generate_recommendations
    conn.execute(
_duckdb.ConversionException: Conversion Error: Could not convert string 'medium' to DOUBLE

The above exception was the direct cause of the following exception:

Traceback (most recent call last):
  File "<string>", line 1, in <module>
  File "/Users/chadcrawford/forge/projects/APE/app/api/routes/sync.py", line 135, in run_sync
    raise HTTPException(
fastapi.exceptions.HTTPException: 500: {'status': 'error', 'stage': 'transaction', 'message': "Conversion Error: Could not convert string 'medium' to DOUBLE"}
🚨 NORMALIZE FILE EXECUTING 🚨
SYNC START
Fetched 50 workout headers (offset=0)
Fetched 26 workout headers (offset=50)
No more workouts found. Ending sync.

SYNC COMPLETE
Headers processed: 76
Detailed workouts stored: 76
Skipped: 0
DEBUG raw_workouts rows: 79
DEBUG sets for ci-fixture-session-001: 4
DEBUG sets for ci-fixture-session-002: 4
DEBUG sets for ci-fixture-session-003: 4
DEBUG sets for 1c95db48-1b09-4a28-b993-5b31f437de12: 23
DEBUG sets for cc38656e-1a35-4716-836a-223db66a862e: 25
DEBUG sets for 641a1853-7827-45ff-b9b9-6347daf5e5fe: 22
DEBUG sets for 015cf079-c86d-43d0-b9d1-005d9e98f0a2: 23
DEBUG sets for 54aeaecf-4d1e-4ca7-bd62-2538f0f71056: 25
DEBUG sets for 7fe9abef-24e5-4622-9f61-473bb8ae9e64: 20
DEBUG sets for 08281521-4301-4e9f-a87c-66239a23ca27: 23
DEBUG sets for b94c8f20-783f-459f-a7b8-de3d6aa12f4e: 25
DEBUG sets for 716c7d04-94d1-4009-a62b-514f2a228dbc: 21
DEBUG sets for 3226c4ae-fc59-404a-8d28-2a6cf4de09e5: 23
DEBUG sets for 552fcbb2-d6ea-477b-bada-fd2a6a8c2946: 24
DEBUG sets for c4994788-2c8c-4fdb-8220-2bbd54ad696f: 21
DEBUG sets for 57e204c2-3cd9-433c-b8e0-e446777e5450: 22
DEBUG sets for 70b9c6ee-293e-4eba-9421-ca3002988cd8: 24
DEBUG sets for 83713f49-b352-4815-baf4-0a7f4bba0aa3: 20
DEBUG sets for c8825d20-c30f-43d6-a5fd-29103e166001: 21
DEBUG sets for 3c08afdb-62a6-42ed-b41c-79e3df8b43a9: 18
DEBUG sets for d23c4815-40b8-457f-ad27-154f817249fd: 19
DEBUG sets for c8dbc020-24f0-463c-9d8f-a3ad0011fbcf: 22
DEBUG sets for b3d2830d-353e-4574-a55f-73a81a60c08e: 24
DEBUG sets for d9d3df7f-61ee-4935-a2ff-725ab50c3ac3: 22
DEBUG sets for 85494f00-ea62-4777-9c24-294f5ffba9c6: 22
DEBUG sets for a7da514e-701c-452a-bb48-635c0029210c: 24
DEBUG sets for fb328d28-4241-4b0f-8093-2880d2596144: 22
DEBUG sets for 92b58215-da42-4ede-87f7-eb3b3fc8179e: 22
DEBUG sets for b02a6891-b7c4-44e0-848b-d3fe5415f6d8: 24
DEBUG sets for 71476de7-9496-4a51-b038-ab3b8bc1e9d0: 22
DEBUG sets for c92add48-4b0e-4efa-90e2-e8f76bedb44a: 22
DEBUG sets for 5f5ceb0b-a13a-4c18-8a1b-3261b2dea227: 25
DEBUG sets for 6e9e2e4a-9ab2-4bba-aeb7-b5e2743d7382: 17
DEBUG sets for da6e2a1a-641f-4ac3-b15f-c3f5394e2af2: 24
DEBUG sets for f5d9ff2e-8e09-4348-997f-33cd35f6d700: 21
DEBUG sets for 310eae85-d153-45b1-b94c-3d760d551066: 17
DEBUG sets for 2ab17bc5-7df9-4c06-9d71-94cc215be33f: 20
DEBUG sets for d2190a88-cd56-4078-9213-2bbd461f8723: 21
DEBUG sets for c6dc4666-b5d5-4ff1-a896-db24b0e306d7: 17
DEBUG sets for 0eb5c728-9005-4f03-b809-86ad0502143e: 17
DEBUG sets for bd9e9261-32d6-4044-bcd1-7fc077c967c9: 18
DEBUG sets for 04ed67f0-e590-4ece-9f9b-0c708c9ffa12: 17
DEBUG sets for e1f71f9e-305f-4d94-82a7-3da4cf61e764: 18
DEBUG sets for c0df82a8-58c4-4b9d-88f0-751660f681a3: 18
DEBUG sets for 91af8e20-16ca-47db-a7fb-e893c7187355: 17
DEBUG sets for 3d2413fc-a2be-4c45-944a-cdcdc355292b: 16
DEBUG sets for 07b7c16e-8d6b-4940-9aa6-39c7d5daac56: 16
DEBUG sets for 412904c9-0b8d-4670-b885-04184be3b209: 18
DEBUG sets for 8a8d60a3-233b-4182-be57-93d34c6fc770: 17
DEBUG sets for fdc4c4db-2b22-4f26-87af-38350f996ef2: 16
DEBUG sets for 123e3722-a86a-4a77-ab92-74824dcbf2ff: 15
DEBUG sets for 6df0ab57-8f48-4f2e-a327-031a3a1932b3: 16
DEBUG sets for c10d7907-34e6-4eea-8f47-67c79d3ec736: 16
DEBUG sets for fe486b1b-b87e-41c1-8c50-8216bfd2ad1f: 14
DEBUG sets for 298ab704-612b-4cb8-a777-177217cf0ecf: 16
DEBUG sets for 7b31a045-fbcf-4875-9e0a-297e38c75885: 16
DEBUG sets for d8e77143-ba07-49d1-a102-46fda48b2dd1: 16
DEBUG sets for d764d3ea-3ea5-405c-a904-17ff28021091: 18
DEBUG sets for 689f99cb-f857-4835-b125-7bc8309d70c2: 14
DEBUG sets for fb197f96-f07c-4473-b48d-5ae2fcfe44d1: 16
DEBUG sets for 44b5a1d1-d690-410b-8c85-2445cb04e443: 18
DEBUG sets for 1154b180-1895-475f-a549-15d0dac5e309: 17
DEBUG sets for 7ef91b05-30c5-4d3f-a71f-80dd66be9be7: 16
DEBUG sets for 4d36dc80-f523-481c-886a-2d82a98d32b2: 17
DEBUG sets for 16f1a287-f1b5-4b3f-88ca-778142aa9650: 18
DEBUG sets for 4cfe1f5c-4c9c-4415-a79a-57e0c77a24f5: 19
DEBUG sets for 3229684f-828b-4584-9b7e-3020b2a7c043: 17
DEBUG sets for ef4d0610-1f28-4135-8e4a-b1095198556f: 18
DEBUG sets for f38ab2e9-9082-460a-8af0-cea0d72c4d83: 17
DEBUG sets for 9c6775b1-d2dc-4d61-acff-d03e14852e51: 18
DEBUG sets for e16dde1e-59a4-4f0b-a483-e21d93469c39: 17
DEBUG sets for 5cf7dcae-9081-40c0-9b90-6079ce6e0269: 17
DEBUG sets for 11f67b61-0ba1-4126-8f33-373985df3c18: 18
DEBUG sets for 4bd39b30-ba8e-4a16-a03b-907389d63c79: 15
DEBUG sets for 284daffc-ce5f-4e66-b3b5-c7fd305bf254: 14
DEBUG sets for 5f6a3adf-ec90-40fd-b4d9-85d8d3d26075: 14
DEBUG sets for ccbad86b-f23d-4d0c-888e-58a8b744c780: 9
DEBUG sets for f059bbee-6134-4d82-9d54-1465e5fa4e97: 18
DEBUG sets for e60a3278-8327-418a-aabe-95ea884a6904: 12
✅ normalize complete — sessions: 79, sets: 1453
[06:30:17]   sync failed (rate limit / offline) — keeping last data
[06:30:17] training: build card data
wrote /Users/chadcrawford/knowledge/CHAD_OS/tools/workout-card.data.js — 4 sessions
  2026-08-19  Day B  DAY B - CHEST / TRICEPS  (5 days)  (7 ex)
  2026-08-18  Day A  DAY A — BACK / BICEPS (4-5 days)  (8 ex)
  2026-08-15  Day C  DAY C — DELTS / ABS (3-4 days)  (6 ex)
  2026-08-14  Day B  DAY B - CHEST / TRICEPS  (5 days)  (7 ex)
[06:30:18] calibration: build calibration data
wrote /Users/chadcrawford/knowledge/CHAD_OS/tools/calibration-data.js
[06:30:18] training: cache-busted workout.html (v=20260820063018)
[06:30:18] training: cache-busted workout2.html (v=20260820063018)
[06:30:18] calibration: cache-busted tuning.html (v=20260820063018)
[06:30:18] weight: refresh withings
→ Fetching Withings data...
withings  mode=live    rows=999  ok
  ✓ Fetch complete
→ Using data: /Users/chadcrawford/knowledge/CHAD_OS/raw/withings/2026-08-20/withings-9f16126db24750d0.json (fetched 2026-08-20)
→ Regenerating dashboard...
Dashboard written → /Users/chadcrawford/forge/projects/APE/dashboards/withings_body_composition.html
✓ Dashboard: /Users/chadcrawford/forge/projects/APE/dashboards/withings_body_composition.html
[06:30:27] ped: render from template
  ped.html written (demo seed)
[06:30:27] research: sync opt-in last30days briefs
[06:30:27]   research: publish/ empty — nothing published
[06:30:27] git: commit + push
To https://github.com/Calabasse/dash.git
   0f5587c..50eaefd  main -> main
[06:30:33] deployed.
[06:30:05] prescription config has uncommitted changes in the engine repo — skipping refresh, keeping last published value
[06:30:05] training: VOLM sync (--sync given)
Step 1 FAILED
Traceback (most recent call last):
  File "/Users/chadcrawford/forge/projects/APE/app/api/routes/sync.py", line 75, in run_sync
    _call_first_available(
  File "/Users/chadcrawford/forge/projects/APE/app/api/routes/sync.py", line 40, in _call_first_available
    return fn()
           ^^^^
  File "/Users/chadcrawford/forge/projects/APE/app/services/sync/sync_workouts.py", line 29, in sync_workouts
    conn = get_connection()
           ^^^^^^^^^^^^^^^^
  File "/Users/chadcrawford/forge/projects/APE/app/db/connection.py", line 31, in get_connection
    db = get_database()
         ^^^^^^^^^^^^^^
  File "/Users/chadcrawford/forge/projects/APE/app/db/dal/__init__.py", line 17, in get_database
    return DuckDBAdapter()
           ^^^^^^^^^^^^^^^
  File "/Users/chadcrawford/forge/projects/APE/app/db/dal/duckdb_adapter.py", line 124, in __init__
    self._conn = duckdb.connect(resolved)
                 ^^^^^^^^^^^^^^^^^^^^^^^^
_duckdb.IOException: IO Error: Could not set lock on file "/Users/chadcrawford/forge/projects/APE/volm.duckdb": Conflicting lock is held in /Users/chadcrawford/.local/share/uv/python/cpython-3.11.15-macos-aarch64-none/bin/python3.11 (PID 28436) by user chadcrawford. See also https://duckdb.org/docs/stable/connect/concurrency
Traceback (most recent call last):
  File "/Users/chadcrawford/forge/projects/APE/app/api/routes/sync.py", line 75, in run_sync
    _call_first_available(
  File "/Users/chadcrawford/forge/projects/APE/app/api/routes/sync.py", line 40, in _call_first_available
    return fn()
           ^^^^
  File "/Users/chadcrawford/forge/projects/APE/app/services/sync/sync_workouts.py", line 29, in sync_workouts
    conn = get_connection()
           ^^^^^^^^^^^^^^^^
  File "/Users/chadcrawford/forge/projects/APE/app/db/connection.py", line 31, in get_connection
    db = get_database()
         ^^^^^^^^^^^^^^
  File "/Users/chadcrawford/forge/projects/APE/app/db/dal/__init__.py", line 17, in get_database
    return DuckDBAdapter()
           ^^^^^^^^^^^^^^^
  File "/Users/chadcrawford/forge/projects/APE/app/db/dal/duckdb_adapter.py", line 124, in __init__
    self._conn = duckdb.connect(resolved)
                 ^^^^^^^^^^^^^^^^^^^^^^^^
_duckdb.IOException: IO Error: Could not set lock on file "/Users/chadcrawford/forge/projects/APE/volm.duckdb": Conflicting lock is held in /Users/chadcrawford/.local/share/uv/python/cpython-3.11.15-macos-aarch64-none/bin/python3.11 (PID 28436) by user chadcrawford. See also https://duckdb.org/docs/stable/connect/concurrency

The above exception was the direct cause of the following exception:

Traceback (most recent call last):
  File "<string>", line 1, in <module>
  File "/Users/chadcrawford/forge/projects/APE/app/api/routes/sync.py", line 85, in run_sync
    raise HTTPException(
fastapi.exceptions.HTTPException: 500: {'status': 'error', 'stage': 'sync', 'message': 'IO Error: Could not set lock on file "/Users/chadcrawford/forge/projects/APE/volm.duckdb": Conflicting lock is held in /Users/chadcrawford/.local/share/uv/python/cpython-3.11.15-macos-aarch64-none/bin/python3.11 (PID 28436) by user chadcrawford. See also https://duckdb.org/docs/stable/connect/concurrency'}
🚨 NORMALIZE FILE EXECUTING 🚨
[06:30:06]   sync failed (rate limit / offline) — keeping last data
[06:30:06] training: build card data
Traceback (most recent call last):
  File "/Users/chadcrawford/forge/projects/APE/tools/build_card_data.py", line 844, in <module>
    build()
  File "/Users/chadcrawford/forge/projects/APE/tools/build_card_data.py", line 802, in build
    con = duckdb.connect(str(DB), read_only=True)
          ^^^^^^^^^^^^^^^^^^^^^^^^^^^^^^^^^^^^^^^
_duckdb.IOException: IO Error: Could not set lock on file "/Users/chadcrawford/forge/projects/APE/volm.duckdb": Conflicting lock is held in /Users/chadcrawford/.local/share/uv/python/cpython-3.11.15-macos-aarch64-none/bin/python3.11 (PID 28443) by user chadcrawford. See also https://duckdb.org/docs/stable/connect/concurrency
[06:30:06]   build_card_data failed — keeping last data
[06:30:06] calibration: build calibration data
Traceback (most recent call last):
  File "/Users/chadcrawford/forge/projects/APE/tools/build_calibration_data.py", line 239, in <module>
    build()
  File "/Users/chadcrawford/forge/projects/APE/tools/build_calibration_data.py", line 223, in build
    con = duckdb.connect(str(DB), read_only=True)
          ^^^^^^^^^^^^^^^^^^^^^^^^^^^^^^^^^^^^^^^
_duckdb.IOException: IO Error: Could not set lock on file "/Users/chadcrawford/forge/projects/APE/volm.duckdb": Conflicting lock is held in /Users/chadcrawford/.local/share/uv/python/cpython-3.11.15-macos-aarch64-none/bin/python3.11 (PID 28443) by user chadcrawford. See also https://duckdb.org/docs/stable/connect/concurrency
[06:30:06]   build_calibration_data failed — keeping last data
[06:30:06] training: cache-busted workout.html (v=20260821063006)
[06:30:06] training: cache-busted workout2.html (v=20260821063006)
[06:30:06] calibration: cache-busted tuning.html (v=20260821063006)
[06:30:06] weight: refresh withings
→ Fetching Withings data...
withings  mode=live    rows=999  ok
  ✓ Fetch complete
→ Using data: /Users/chadcrawford/knowledge/CHAD_OS/raw/withings/2026-08-21/withings-9e76e63875f6e63e.json (fetched 2026-08-21)
→ Regenerating dashboard...
Dashboard written → /Users/chadcrawford/forge/projects/APE/dashboards/withings_body_composition.html
✓ Dashboard: /Users/chadcrawford/forge/projects/APE/dashboards/withings_body_composition.html
[06:30:16] ped: render from template
  ped.html written (demo seed)
[06:30:16] research: sync opt-in last30days briefs
[06:30:16]   research: publish/ empty — nothing published
[06:30:16] git: commit + push
To https://github.com/Calabasse/dash.git
   50eaefd..e331971  main -> main
[06:30:24] deployed.
[06:30:03] prescription config has uncommitted changes in the engine repo — skipping refresh, keeping last published value
[06:30:03] training: VOLM sync (--sync given)
TRANSACTION FAILED — ROLLBACK
Traceback (most recent call last):
  File "/Users/chadcrawford/forge/projects/APE/app/api/routes/sync.py", line 118, in run_sync
    _call_first_available(
  File "/Users/chadcrawford/forge/projects/APE/app/api/routes/sync.py", line 38, in _call_first_available
    return fn(conn=conn)
           ^^^^^^^^^^^^^
  File "/Users/chadcrawford/forge/projects/APE/app/services/recommendations/recommendations.py", line 172, in generate_recommendations
    conn.execute(
_duckdb.ConversionException: Conversion Error: Could not convert string 'medium' to DOUBLE
Traceback (most recent call last):
  File "/Users/chadcrawford/forge/projects/APE/app/api/routes/sync.py", line 118, in run_sync
    _call_first_available(
  File "/Users/chadcrawford/forge/projects/APE/app/api/routes/sync.py", line 38, in _call_first_available
    return fn(conn=conn)
           ^^^^^^^^^^^^^
  File "/Users/chadcrawford/forge/projects/APE/app/services/recommendations/recommendations.py", line 172, in generate_recommendations
    conn.execute(
_duckdb.ConversionException: Conversion Error: Could not convert string 'medium' to DOUBLE

The above exception was the direct cause of the following exception:

Traceback (most recent call last):
  File "<string>", line 1, in <module>
  File "/Users/chadcrawford/forge/projects/APE/app/api/routes/sync.py", line 135, in run_sync
    raise HTTPException(
fastapi.exceptions.HTTPException: 500: {'status': 'error', 'stage': 'transaction', 'message': "Conversion Error: Could not convert string 'medium' to DOUBLE"}
🚨 NORMALIZE FILE EXECUTING 🚨
SYNC START
Fetched 50 workout headers (offset=0)
Fetched 27 workout headers (offset=50)
No more workouts found. Ending sync.

SYNC COMPLETE
Headers processed: 77
Detailed workouts stored: 77
Skipped: 0
DEBUG raw_workouts rows: 80
DEBUG sets for ci-fixture-session-001: 4
DEBUG sets for ci-fixture-session-002: 4
DEBUG sets for ci-fixture-session-003: 4
DEBUG sets for 6e91840d-be60-4550-9c3f-049e3836415f: 22
DEBUG sets for 1c95db48-1b09-4a28-b993-5b31f437de12: 23
DEBUG sets for cc38656e-1a35-4716-836a-223db66a862e: 25
DEBUG sets for 641a1853-7827-45ff-b9b9-6347daf5e5fe: 22
DEBUG sets for 015cf079-c86d-43d0-b9d1-005d9e98f0a2: 23
DEBUG sets for 54aeaecf-4d1e-4ca7-bd62-2538f0f71056: 25
DEBUG sets for 7fe9abef-24e5-4622-9f61-473bb8ae9e64: 20
DEBUG sets for 08281521-4301-4e9f-a87c-66239a23ca27: 23
DEBUG sets for b94c8f20-783f-459f-a7b8-de3d6aa12f4e: 25
DEBUG sets for 716c7d04-94d1-4009-a62b-514f2a228dbc: 21
DEBUG sets for 3226c4ae-fc59-404a-8d28-2a6cf4de09e5: 23
DEBUG sets for 552fcbb2-d6ea-477b-bada-fd2a6a8c2946: 24
DEBUG sets for c4994788-2c8c-4fdb-8220-2bbd54ad696f: 21
DEBUG sets for 57e204c2-3cd9-433c-b8e0-e446777e5450: 22
DEBUG sets for 70b9c6ee-293e-4eba-9421-ca3002988cd8: 24
DEBUG sets for 83713f49-b352-4815-baf4-0a7f4bba0aa3: 20
DEBUG sets for c8825d20-c30f-43d6-a5fd-29103e166001: 21
DEBUG sets for 3c08afdb-62a6-42ed-b41c-79e3df8b43a9: 18
DEBUG sets for d23c4815-40b8-457f-ad27-154f817249fd: 19
DEBUG sets for c8dbc020-24f0-463c-9d8f-a3ad0011fbcf: 22
DEBUG sets for b3d2830d-353e-4574-a55f-73a81a60c08e: 24
DEBUG sets for d9d3df7f-61ee-4935-a2ff-725ab50c3ac3: 22
DEBUG sets for 85494f00-ea62-4777-9c24-294f5ffba9c6: 22
DEBUG sets for a7da514e-701c-452a-bb48-635c0029210c: 24
DEBUG sets for fb328d28-4241-4b0f-8093-2880d2596144: 22
DEBUG sets for 92b58215-da42-4ede-87f7-eb3b3fc8179e: 22
DEBUG sets for b02a6891-b7c4-44e0-848b-d3fe5415f6d8: 24
DEBUG sets for 71476de7-9496-4a51-b038-ab3b8bc1e9d0: 22
DEBUG sets for c92add48-4b0e-4efa-90e2-e8f76bedb44a: 22
DEBUG sets for 5f5ceb0b-a13a-4c18-8a1b-3261b2dea227: 25
DEBUG sets for 6e9e2e4a-9ab2-4bba-aeb7-b5e2743d7382: 17
DEBUG sets for da6e2a1a-641f-4ac3-b15f-c3f5394e2af2: 24
DEBUG sets for f5d9ff2e-8e09-4348-997f-33cd35f6d700: 21
DEBUG sets for 310eae85-d153-45b1-b94c-3d760d551066: 17
DEBUG sets for 2ab17bc5-7df9-4c06-9d71-94cc215be33f: 20
DEBUG sets for d2190a88-cd56-4078-9213-2bbd461f8723: 21
DEBUG sets for c6dc4666-b5d5-4ff1-a896-db24b0e306d7: 17
DEBUG sets for 0eb5c728-9005-4f03-b809-86ad0502143e: 17
DEBUG sets for bd9e9261-32d6-4044-bcd1-7fc077c967c9: 18
DEBUG sets for 04ed67f0-e590-4ece-9f9b-0c708c9ffa12: 17
DEBUG sets for e1f71f9e-305f-4d94-82a7-3da4cf61e764: 18
DEBUG sets for c0df82a8-58c4-4b9d-88f0-751660f681a3: 18
DEBUG sets for 91af8e20-16ca-47db-a7fb-e893c7187355: 17
DEBUG sets for 3d2413fc-a2be-4c45-944a-cdcdc355292b: 16
DEBUG sets for 07b7c16e-8d6b-4940-9aa6-39c7d5daac56: 16
DEBUG sets for 412904c9-0b8d-4670-b885-04184be3b209: 18
DEBUG sets for 8a8d60a3-233b-4182-be57-93d34c6fc770: 17
DEBUG sets for fdc4c4db-2b22-4f26-87af-38350f996ef2: 16
DEBUG sets for 123e3722-a86a-4a77-ab92-74824dcbf2ff: 15
DEBUG sets for 6df0ab57-8f48-4f2e-a327-031a3a1932b3: 16
DEBUG sets for c10d7907-34e6-4eea-8f47-67c79d3ec736: 16
DEBUG sets for fe486b1b-b87e-41c1-8c50-8216bfd2ad1f: 14
DEBUG sets for 298ab704-612b-4cb8-a777-177217cf0ecf: 16
DEBUG sets for 7b31a045-fbcf-4875-9e0a-297e38c75885: 16
DEBUG sets for d8e77143-ba07-49d1-a102-46fda48b2dd1: 16
DEBUG sets for d764d3ea-3ea5-405c-a904-17ff28021091: 18
DEBUG sets for 689f99cb-f857-4835-b125-7bc8309d70c2: 14
DEBUG sets for fb197f96-f07c-4473-b48d-5ae2fcfe44d1: 16
DEBUG sets for 44b5a1d1-d690-410b-8c85-2445cb04e443: 18
DEBUG sets for 1154b180-1895-475f-a549-15d0dac5e309: 17
DEBUG sets for 7ef91b05-30c5-4d3f-a71f-80dd66be9be7: 16
DEBUG sets for 4d36dc80-f523-481c-886a-2d82a98d32b2: 17
DEBUG sets for 16f1a287-f1b5-4b3f-88ca-778142aa9650: 18
DEBUG sets for 4cfe1f5c-4c9c-4415-a79a-57e0c77a24f5: 19
DEBUG sets for 3229684f-828b-4584-9b7e-3020b2a7c043: 17
DEBUG sets for ef4d0610-1f28-4135-8e4a-b1095198556f: 18
DEBUG sets for f38ab2e9-9082-460a-8af0-cea0d72c4d83: 17
DEBUG sets for 9c6775b1-d2dc-4d61-acff-d03e14852e51: 18
DEBUG sets for e16dde1e-59a4-4f0b-a483-e21d93469c39: 17
DEBUG sets for 5cf7dcae-9081-40c0-9b90-6079ce6e0269: 17
DEBUG sets for 11f67b61-0ba1-4126-8f33-373985df3c18: 18
DEBUG sets for 4bd39b30-ba8e-4a16-a03b-907389d63c79: 15
DEBUG sets for 284daffc-ce5f-4e66-b3b5-c7fd305bf254: 14
DEBUG sets for 5f6a3adf-ec90-40fd-b4d9-85d8d3d26075: 14
DEBUG sets for ccbad86b-f23d-4d0c-888e-58a8b744c780: 9
DEBUG sets for f059bbee-6134-4d82-9d54-1465e5fa4e97: 18
DEBUG sets for e60a3278-8327-418a-aabe-95ea884a6904: 12
✅ normalize complete — sessions: 80, sets: 1475
[06:30:13]   sync failed (rate limit / offline) — keeping last data
[06:30:13] training: build card data
wrote /Users/chadcrawford/knowledge/CHAD_OS/tools/workout-card.data.js — 4 sessions
  2026-08-21  Day C  DAY C — DELTS / ABS (3-4 days)  (6 ex)
  2026-08-19  Day B  DAY B - CHEST / TRICEPS  (5 days)  (7 ex)
  2026-08-18  Day A  DAY A — BACK / BICEPS (4-5 days)  (8 ex)
  2026-08-15  Day C  DAY C — DELTS / ABS (3-4 days)  (6 ex)
[06:30:13] calibration: build calibration data
wrote /Users/chadcrawford/knowledge/CHAD_OS/tools/calibration-data.js
[06:30:13] training: cache-busted workout.html (v=20260822063013)
[06:30:13] training: cache-busted workout2.html (v=20260822063013)
[06:30:13] calibration: cache-busted tuning.html (v=20260822063013)
[06:30:13] weight: refresh withings
→ Fetching Withings data...
withings  mode=live    rows=999  ok
  ✓ Fetch complete
→ Using data: /Users/chadcrawford/knowledge/CHAD_OS/raw/withings/2026-08-22/withings-9e76e63875f6e63e.json (fetched 2026-08-22)
→ Regenerating dashboard...
Dashboard written → /Users/chadcrawford/forge/projects/APE/dashboards/withings_body_composition.html
✓ Dashboard: /Users/chadcrawford/forge/projects/APE/dashboards/withings_body_composition.html
[06:30:21] ped: render from template
  ped.html written (demo seed)
[06:30:21] research: sync opt-in last30days briefs
[06:30:21]   research: publish/ empty — nothing published
[06:30:21] git: commit + push
To https://github.com/Calabasse/dash.git
   bd7634d..5aa6f3f  main -> main
[06:30:27] deployed.
[06:30:03] prescription config refreshed from engine
[06:30:03] training: VOLM sync (--sync given)
TRANSACTION FAILED — ROLLBACK
Traceback (most recent call last):
  File "/Users/chadcrawford/forge/projects/APE/app/api/routes/sync.py", line 118, in run_sync
    _call_first_available(
  File "/Users/chadcrawford/forge/projects/APE/app/api/routes/sync.py", line 38, in _call_first_available
    return fn(conn=conn)
           ^^^^^^^^^^^^^
  File "/Users/chadcrawford/forge/projects/APE/app/services/recommendations/recommendations.py", line 172, in generate_recommendations
    conn.execute(
_duckdb.ConversionException: Conversion Error: Could not convert string 'medium' to DOUBLE
Traceback (most recent call last):
  File "/Users/chadcrawford/forge/projects/APE/app/api/routes/sync.py", line 118, in run_sync
    _call_first_available(
  File "/Users/chadcrawford/forge/projects/APE/app/api/routes/sync.py", line 38, in _call_first_available
    return fn(conn=conn)
           ^^^^^^^^^^^^^
  File "/Users/chadcrawford/forge/projects/APE/app/services/recommendations/recommendations.py", line 172, in generate_recommendations
    conn.execute(
_duckdb.ConversionException: Conversion Error: Could not convert string 'medium' to DOUBLE

The above exception was the direct cause of the following exception:

Traceback (most recent call last):
  File "<string>", line 1, in <module>
  File "/Users/chadcrawford/forge/projects/APE/app/api/routes/sync.py", line 135, in run_sync
    raise HTTPException(
fastapi.exceptions.HTTPException: 500: {'status': 'error', 'stage': 'transaction', 'message': "Conversion Error: Could not convert string 'medium' to DOUBLE"}
🚨 NORMALIZE FILE EXECUTING 🚨
SYNC START
Fetched 50 workout headers (offset=0)
Fetched 28 workout headers (offset=50)
No more workouts found. Ending sync.

SYNC COMPLETE
Headers processed: 78
Detailed workouts stored: 78
Skipped: 0
DEBUG raw_workouts rows: 81
DEBUG sets for ci-fixture-session-001: 4
DEBUG sets for ci-fixture-session-002: 4
DEBUG sets for ci-fixture-session-003: 4
DEBUG sets for 6b252e00-aa95-46eb-9156-90d868e1028f: 26
DEBUG sets for 6e91840d-be60-4550-9c3f-049e3836415f: 22
DEBUG sets for 1c95db48-1b09-4a28-b993-5b31f437de12: 23
DEBUG sets for cc38656e-1a35-4716-836a-223db66a862e: 25
DEBUG sets for 641a1853-7827-45ff-b9b9-6347daf5e5fe: 22
DEBUG sets for 015cf079-c86d-43d0-b9d1-005d9e98f0a2: 23
DEBUG sets for 54aeaecf-4d1e-4ca7-bd62-2538f0f71056: 25
DEBUG sets for 7fe9abef-24e5-4622-9f61-473bb8ae9e64: 20
DEBUG sets for 08281521-4301-4e9f-a87c-66239a23ca27: 23
DEBUG sets for b94c8f20-783f-459f-a7b8-de3d6aa12f4e: 25
DEBUG sets for 716c7d04-94d1-4009-a62b-514f2a228dbc: 21
DEBUG sets for 3226c4ae-fc59-404a-8d28-2a6cf4de09e5: 23
DEBUG sets for 552fcbb2-d6ea-477b-bada-fd2a6a8c2946: 24
DEBUG sets for c4994788-2c8c-4fdb-8220-2bbd54ad696f: 21
DEBUG sets for 57e204c2-3cd9-433c-b8e0-e446777e5450: 22
DEBUG sets for 70b9c6ee-293e-4eba-9421-ca3002988cd8: 24
DEBUG sets for 83713f49-b352-4815-baf4-0a7f4bba0aa3: 20
DEBUG sets for c8825d20-c30f-43d6-a5fd-29103e166001: 21
DEBUG sets for 3c08afdb-62a6-42ed-b41c-79e3df8b43a9: 18
DEBUG sets for d23c4815-40b8-457f-ad27-154f817249fd: 19
DEBUG sets for c8dbc020-24f0-463c-9d8f-a3ad0011fbcf: 22
DEBUG sets for b3d2830d-353e-4574-a55f-73a81a60c08e: 24
DEBUG sets for d9d3df7f-61ee-4935-a2ff-725ab50c3ac3: 22
DEBUG sets for 85494f00-ea62-4777-9c24-294f5ffba9c6: 22
DEBUG sets for a7da514e-701c-452a-bb48-635c0029210c: 24
DEBUG sets for fb328d28-4241-4b0f-8093-2880d2596144: 22
DEBUG sets for 92b58215-da42-4ede-87f7-eb3b3fc8179e: 22
DEBUG sets for b02a6891-b7c4-44e0-848b-d3fe5415f6d8: 24
DEBUG sets for 71476de7-9496-4a51-b038-ab3b8bc1e9d0: 22
DEBUG sets for c92add48-4b0e-4efa-90e2-e8f76bedb44a: 22
DEBUG sets for 5f5ceb0b-a13a-4c18-8a1b-3261b2dea227: 25
DEBUG sets for 6e9e2e4a-9ab2-4bba-aeb7-b5e2743d7382: 17
DEBUG sets for da6e2a1a-641f-4ac3-b15f-c3f5394e2af2: 24
DEBUG sets for f5d9ff2e-8e09-4348-997f-33cd35f6d700: 21
DEBUG sets for 310eae85-d153-45b1-b94c-3d760d551066: 17
DEBUG sets for 2ab17bc5-7df9-4c06-9d71-94cc215be33f: 20
DEBUG sets for d2190a88-cd56-4078-9213-2bbd461f8723: 21
DEBUG sets for c6dc4666-b5d5-4ff1-a896-db24b0e306d7: 17
DEBUG sets for 0eb5c728-9005-4f03-b809-86ad0502143e: 17
DEBUG sets for bd9e9261-32d6-4044-bcd1-7fc077c967c9: 18
DEBUG sets for 04ed67f0-e590-4ece-9f9b-0c708c9ffa12: 17
DEBUG sets for e1f71f9e-305f-4d94-82a7-3da4cf61e764: 18
DEBUG sets for c0df82a8-58c4-4b9d-88f0-751660f681a3: 18
DEBUG sets for 91af8e20-16ca-47db-a7fb-e893c7187355: 17
DEBUG sets for 3d2413fc-a2be-4c45-944a-cdcdc355292b: 16
DEBUG sets for 07b7c16e-8d6b-4940-9aa6-39c7d5daac56: 16
DEBUG sets for 412904c9-0b8d-4670-b885-04184be3b209: 18
DEBUG sets for 8a8d60a3-233b-4182-be57-93d34c6fc770: 17
DEBUG sets for fdc4c4db-2b22-4f26-87af-38350f996ef2: 16
DEBUG sets for 123e3722-a86a-4a77-ab92-74824dcbf2ff: 15
DEBUG sets for 6df0ab57-8f48-4f2e-a327-031a3a1932b3: 16
DEBUG sets for c10d7907-34e6-4eea-8f47-67c79d3ec736: 16
DEBUG sets for fe486b1b-b87e-41c1-8c50-8216bfd2ad1f: 14
DEBUG sets for 298ab704-612b-4cb8-a777-177217cf0ecf: 16
DEBUG sets for 7b31a045-fbcf-4875-9e0a-297e38c75885: 16
DEBUG sets for d8e77143-ba07-49d1-a102-46fda48b2dd1: 16
DEBUG sets for d764d3ea-3ea5-405c-a904-17ff28021091: 18
DEBUG sets for 689f99cb-f857-4835-b125-7bc8309d70c2: 14
DEBUG sets for fb197f96-f07c-4473-b48d-5ae2fcfe44d1: 16
DEBUG sets for 44b5a1d1-d690-410b-8c85-2445cb04e443: 18
DEBUG sets for 1154b180-1895-475f-a549-15d0dac5e309: 17
DEBUG sets for 7ef91b05-30c5-4d3f-a71f-80dd66be9be7: 16
DEBUG sets for 4d36dc80-f523-481c-886a-2d82a98d32b2: 17
DEBUG sets for 16f1a287-f1b5-4b3f-88ca-778142aa9650: 18
DEBUG sets for 4cfe1f5c-4c9c-4415-a79a-57e0c77a24f5: 19
DEBUG sets for 3229684f-828b-4584-9b7e-3020b2a7c043: 17
DEBUG sets for ef4d0610-1f28-4135-8e4a-b1095198556f: 18
DEBUG sets for f38ab2e9-9082-460a-8af0-cea0d72c4d83: 17
DEBUG sets for 9c6775b1-d2dc-4d61-acff-d03e14852e51: 18
DEBUG sets for e16dde1e-59a4-4f0b-a483-e21d93469c39: 17
DEBUG sets for 5cf7dcae-9081-40c0-9b90-6079ce6e0269: 17
DEBUG sets for 11f67b61-0ba1-4126-8f33-373985df3c18: 18
DEBUG sets for 4bd39b30-ba8e-4a16-a03b-907389d63c79: 15
DEBUG sets for 284daffc-ce5f-4e66-b3b5-c7fd305bf254: 14
DEBUG sets for 5f6a3adf-ec90-40fd-b4d9-85d8d3d26075: 14
DEBUG sets for ccbad86b-f23d-4d0c-888e-58a8b744c780: 9
DEBUG sets for f059bbee-6134-4d82-9d54-1465e5fa4e97: 18
DEBUG sets for e60a3278-8327-418a-aabe-95ea884a6904: 12
✅ normalize complete — sessions: 81, sets: 1501
[06:30:14]   sync failed (rate limit / offline) — keeping last data
[06:30:14] training: build card data
wrote /Users/chadcrawford/knowledge/CHAD_OS/tools/workout-card.data.js — 4 sessions
  2026-08-22  Day A  DAY A — BACK / BICEPS (4-5 days)  (8 ex)
  2026-08-21  Day C  DAY C — DELTS / ABS (3-4 days)  (6 ex)
  2026-08-19  Day B  DAY B - CHEST / TRICEPS  (5 days)  (7 ex)
  2026-08-18  Day A  DAY A — BACK / BICEPS (4-5 days)  (8 ex)
[06:30:14] calibration: build calibration data
wrote /Users/chadcrawford/knowledge/CHAD_OS/tools/calibration-data.js
[06:30:14] training: cache-busted workout.html (v=20260823063014)
[06:30:14] training: cache-busted workout2.html (v=20260823063014)
[06:30:14] calibration: cache-busted tuning.html (v=20260823063014)
[06:30:14] weight: refresh withings
→ Fetching Withings data...
withings  mode=live    rows=999  ok
  ✓ Fetch complete
→ Using data: /Users/chadcrawford/knowledge/CHAD_OS/raw/withings/2026-08-23/withings-23e02e110beac12d.json (fetched 2026-08-23)
→ Regenerating dashboard...
Dashboard written → /Users/chadcrawford/forge/projects/APE/dashboards/withings_body_composition.html
✓ Dashboard: /Users/chadcrawford/forge/projects/APE/dashboards/withings_body_composition.html
[06:30:23] ped: render from template
  ped.html written (demo seed)
[06:30:23] research: sync opt-in last30days briefs
[06:30:23]   research: publish/ empty — nothing published
[06:30:23] git: commit + push
To https://github.com/Calabasse/dash.git
   0e017d4..87c91bd  main -> main
[06:30:30] deployed.
